Date,SPY,TLT
2016-04-01,175.34532165527344,98.47455596923828
2016-04-04,174.7775421142578,98.53482818603516
2016-04-05,173.03189086914062,99.61248779296875
2016-04-06,174.921630859375,98.88907623291016
2016-04-07,172.82852172851562,100.10980987548828
2016-04-08,173.29454040527344,99.47681427001953
2016-04-11,172.88783264160156,99.3487319946289
2016-04-12,174.49789428710938,98.66295623779297
2016-04-13,176.260498046875,99.00961303710938
2016-04-14,176.26898193359375,98.53482818603516
2016-04-15,176.07412719726562,99.37882232666016
2016-04-18,177.3113250732422,98.94929504394531
2016-04-19,177.8705596923828,98.64041137695312
2016-04-20,178.04010009765625,97.55523681640625
2016-04-21,177.08250427246094,96.97501373291016
2016-04-22,177.08250427246094,96.7263412475586
2016-04-25,176.77740478515625,96.32697296142578
2016-04-26,177.04014587402344,95.8898696899414
2016-04-27,177.4044952392578,96.84690856933594
2016-04-28,175.79440307617188,97.24630737304688
2016-04-29,174.8453369140625,97.49494934082031
2016-05-02,176.23509216308594,96.51335906982422
2016-05-03,174.7012939453125,97.72909545898438
2016-05-04,173.726806640625,98.2651138305664
2016-05-05,173.69284057617188,98.92202758789062
2016-05-06,174.32846069335938,98.49919128417969
2016-05-09,174.47254943847656,98.80880737304688
2016-05-10,176.641845703125,98.8163833618164
2016-05-11,174.9893798828125,99.37508392333984
2016-05-12,175.04026794433594,98.92202758789062
2016-05-13,173.51492309570312,99.88102722167969
2016-05-16,175.22665405273438,99.02017974853516
2016-05-17,173.59121704101562,99.18634796142578
2016-05-18,173.6420135498047,97.77436828613281
2016-05-19,173.04037475585938,98.19721984863281
2016-05-20,174.13352966308594,98.27266693115234
2016-05-23,173.89627075195312,98.49166870117188
2016-05-24,176.15036010742188,98.05371856689453
2016-05-25,177.34524536132812,97.68376922607422
2016-05-26,177.39602661132812,98.18964385986328
2016-05-27,178.15869140625,98.04617309570312
2016-05-31,177.81976318359375,98.28031158447266
2016-06-01,178.1841278076172,98.67897033691406
2016-06-02,178.72647094726562,99.3902359008789
2016-06-03,178.19259643554688,100.80506896972656
2016-06-06,179.0992889404297,100.05603790283203
2016-06-07,179.3789825439453,100.29816436767578
2016-06-08,179.96368408203125,100.83538055419922
2016-06-09,179.71791076660156,101.48606872558594
2016-06-10,178.01466369628906,101.97783660888672
2016-06-13,176.641845703125,102.43182373046875
2016-06-14,176.29443359375,102.35623168945312
2016-06-15,176.04864501953125,102.74966430664062
2016-06-16,176.57406616210938,103.2490463256836
2016-06-17,175.91648864746094,102.6058578491211
2016-06-20,177.0493927001953,101.50880432128906
2016-06-21,177.55197143554688,101.0396728515625
2016-06-22,177.26234436035156,101.20612335205078
2016-06-23,179.5707244873047,100.04852294921875
2016-06-24,173.1224822998047,102.73451232910156
2016-06-27,170.02191162109375,105.29942321777344
2016-06-28,173.0884552001953,105.51882934570312
2016-06-29,176.03570556640625,104.70928192138672
2016-06-30,178.43785095214844,105.09516906738281
2016-07-01,178.8126983642578,106.55433654785156
2016-07-05,177.5264129638672,107.888427734375
2016-07-06,178.59115600585938,108.06279754638672
2016-07-07,178.48043823242188,108.05525207519531
2016-07-08,181.1380615234375,108.85116577148438
2016-07-11,181.77694702148438,107.8960189819336
2016-07-12,183.09725952148438,106.12228393554688
2016-07-13,183.0717010498047,107.37294006347656
2016-07-14,184.0939178466797,105.8115234375
2016-07-15,183.84681701660156,104.90185546875
2016-07-18,184.3409423828125,104.80331420898438
2016-07-19,184.1534881591797,105.39459991455078
2016-07-20,184.9200897216797,104.81847381591797
2016-07-21,184.22161865234375,105.03075408935547
2016-07-22,185.0479278564453,105.21269226074219
2016-07-25,184.54531860351562,105.13684844970703
2016-07-26,184.63055419921875,105.30364990234375
2016-07-27,184.43458557128906,106.6150131225586
2016-07-28,184.6475830078125,106.41789245605469
2016-07-29,184.9456787109375,107.30477142333984
2016-08-01,184.79238891601562,106.14140319824219
2016-08-02,183.60829162597656,105.0478744506836
2016-08-03,184.14492797851562,105.1086196899414
2016-08-04,184.3409423828125,105.89835357666016
2016-08-05,185.8486328125,104.79721069335938
2016-08-08,185.73782348632812,104.99464416503906
2016-08-09,185.8486328125,106.02743530273438
2016-08-10,185.38865661621094,106.43751525878906
2016-08-11,186.24893188476562,105.48826599121094
2016-08-12,186.08714294433594,106.37682342529297
2016-08-15,186.6237335205078,105.37435913085938
2016-08-16,185.6612091064453,105.09337615966797
2016-08-17,186.01046752929688,105.72369384765625
2016-08-18,186.4278106689453,105.89075469970703
2016-08-19,186.15530395507812,105.33639526367188
2016-08-22,186.14674377441406,106.22491455078125
2016-08-23,186.5215606689453,106.33880615234375
2016-08-24,185.56747436523438,106.0882568359375
2016-08-25,185.43975830078125,105.68573760986328
2016-08-26,185.09048461914062,105.07063293457031
2016-08-29,186.00193786621094,106.47550964355469
2016-08-30,185.6952667236328,106.06546783447266
2016-08-31,185.16717529296875,106.21731567382812
2016-09-01,185.17564392089844,106.33448028564453
2016-09-02,186.01046752929688,105.46717071533203
2016-09-06,186.57266235351562,106.23552703857422
2016-09-07,186.55560302734375,106.15946960449219
2016-09-08,186.12969970703125,104.8281021118164
2016-09-09,181.67471313476562,103.1011734008789
2016-09-12,184.28126525878906,103.15447235107422
2016-09-13,181.6321563720703,101.98281860351562
2016-09-14,181.56396484375,102.13497161865234
2016-09-15,183.37838745117188,101.69375610351562
2016-09-16,182.66946411132812,102.5153579711914
2016-09-19,182.70372009277344,102.18059539794922
2016-09-20,182.71231079101562,102.53815460205078
2016-09-21,184.76693725585938,103.36741638183594
2016-09-22,185.93124389648438,104.18910217285156
2016-09-23,184.91246032714844,104.09020233154297
2016-09-26,183.414306640625,104.75201416015625
2016-09-27,184.55294799804688,105.52043914794922
2016-09-28,185.46896362304688,105.29224395751953
2016-09-29,183.7909698486328,105.55846405029297
2016-09-30,185.17791748046875,104.6151123046875
2016-10-03,184.73268127441406,104.2698745727539
2016-10-04,183.7909698486328,103.05044555664062
2016-10-05,184.604248046875,102.57032012939453
2016-10-06,184.73268127441406,101.99869537353516
2016-10-07,184.09921264648438,102.06723022460938
2016-10-10,185.05812072753906,101.46514892578125
2016-10-11,182.72085571289062,101.23646545410156
2016-10-12,182.96058654785156,101.3355941772461
2016-10-13,182.36126708984375,101.71662139892578
2016-10-14,182.45545959472656,100.29145050048828
2016-10-17,181.82196044921875,100.931640625
2016-10-18,182.96058654785156,101.25939178466797
2016-10-19,183.4485321044922,101.34320068359375
2016-10-20,183.1061248779297,101.44987487792969
2016-10-21,183.1917266845703,101.60234832763672
2016-10-24,183.97080993652344,101.16029357910156
2016-10-25,183.35435485839844,101.42706298828125
2016-10-26,182.98631286621094,100.74109649658203
2016-10-27,182.498291015625,99.64360046386719
2016-10-28,181.95889282226562,99.42253112792969
2016-10-31,181.96746826171875,100.03231048583984
2016-11-01,180.64907836914062,100.03993225097656
2016-11-02,179.56175231933594,100.47521209716797
2016-11-03,178.73989868164062,99.70397186279297
2016-11-04,178.54296875,100.59736633300781
2016-11-07,182.48117065429688,99.74211883544922
2016-11-08,183.30299377441406,99.3374252319336
2016-11-09,185.24639892578125,95.12232971191406
2016-11-10,185.70870971679688,93.71728515625
2016-11-11,185.28065490722656,93.19039916992188
2016-11-14,185.42616271972656,92.63294219970703
2016-11-15,186.87301635742188,93.09110260009766
2016-11-16,186.5220184326172,93.93110656738281
2016-11-17,187.4808807373047,92.5489730834961
2016-11-18,187.06137084960938,92.28168487548828
2016-11-21,188.47393798828125,92.51075744628906
2016-11-22,188.8420867919922,92.48027038574219
2016-11-23,188.9447784423828,92.1213607788086
2016-11-25,189.6468048095703,92.25879669189453
2016-11-28,188.75650024414062,92.93842315673828
2016-11-29,189.1246337890625,93.32781219482422
2016-11-30,188.67086791992188,91.81587982177734
2016-12-01,187.9774169921875,90.84646606445312
2016-12-02,188.0716094970703,91.51216125488281
2016-12-05,189.20166015625,91.4126968383789
2016-12-06,189.80091857910156,91.34378051757812
2016-12-07,192.28367614746094,92.12425231933594
2016-12-08,192.7545166015625,91.0377426147461
2016-12-09,193.9187774658203,89.90533447265625
2016-12-12,193.6962432861328,90.07363891601562
2016-12-13,194.98898315429688,90.39498901367188
2016-12-14,193.3795166015625,89.38500213623047
2016-12-15,194.17567443847656,89.8364486694336
2016-12-16,193.79592895507812,89.62986755371094
2016-12-19,194.2178497314453,90.59392547607422
2016-12-20,194.96713256835938,90.14254760742188
2016-12-21,194.424560546875,90.54042053222656
2016-12-22,194.08868408203125,90.3785171508789
2016-12-23,194.3728790283203,90.56265258789062
2016-12-27,194.85513305664062,90.27108764648438
2016-12-28,193.24484252929688,90.93089294433594
2016-12-29,193.20172119140625,91.2530746459961
2016-12-30,192.4955596923828,91.39118194580078
2017-01-03,193.96817016601562,91.78240966796875
2017-01-04,195.1221160888672,92.13533782958984
2017-01-05,194.96713256835938,93.57756042480469
2017-01-06,195.6645965576172,92.71834564208984
2017-01-09,195.01876831054688,93.46250915527344
2017-01-10,195.01876831054688,93.40113830566406
2017-01-11,195.56993103027344,93.71566772460938
2017-01-12,195.07904052734375,93.50852966308594
2017-01-13,195.52687072753906,93.06361389160156
2017-01-17,194.83790588378906,94.03787994384766
2017-01-18,195.2684783935547,92.83338165283203
2017-01-19,194.54510498046875,92.19668579101562
2017-01-20,195.25990295410156,92.01255798339844
2017-01-23,194.75181579589844,92.93316650390625
2017-01-24,196.00048828125,92.29643249511719
2017-01-25,197.69700622558594,91.13801574707031
2017-01-26,197.49029541015625,91.44487762451172
2017-01-27,197.18026733398438,91.77472686767578
2017-01-30,195.95745849609375,91.49858093261719
2017-01-31,195.9402313232422,92.13533782958984
2017-02-01,196.01766967773438,91.56564331054688
2017-02-02,196.14683532714844,91.52716827392578
2017-02-03,197.4989013671875,91.48875427246094
2017-02-06,197.1457977294922,92.04231262207031
2017-02-07,197.1544189453125,92.7188491821289
2017-02-08,197.41275024414062,93.9797134399414
2017-02-09,198.58399963378906,92.89563751220703
2017-02-10,199.36764526367188,92.84183502197266
2017-02-13,200.45272827148438,92.54971313476562
2017-02-14,201.25357055664062,91.8808364868164
2017-02-15,202.30419921875,91.45796966552734
2017-02-16,202.13197326660156,91.95773315429688
2017-02-17,202.4505615234375,92.50357055664062
2017-02-21,203.6562042236328,92.34214782714844
2017-02-22,203.47537231445312,92.49590301513672
2017-02-23,203.6132049560547,92.77266693115234
2017-02-24,203.8715362548828,93.8028793334961
2017-02-27,204.1901092529297,93.24934387207031
2017-02-28,203.63900756835938,93.5953369140625
2017-03-01,206.4894256591797,92.02694702148438
2017-03-02,205.18911743164062,91.69574737548828
2017-03-03,205.3183135986328,91.93456268310547
2017-03-06,204.70681762695312,91.4954833984375
2017-03-07,204.09539794921875,91.21820068359375
2017-03-08,203.71652221679688,90.72521209716797
2017-03-09,203.974853515625,90.00106811523438
2017-03-10,204.6896209716797,90.31695556640625
2017-03-13,204.79295349121094,89.7469253540039
2017-03-14,204.00927734375,90.17828369140625
2017-03-15,205.77468872070312,91.2797622680664
2017-03-16,205.3699188232422,90.81757354736328
2017-03-17,205.00926208496094,91.3876724243164
2017-03-20,204.7843780517578,91.78050994873047
2017-03-21,202.15505981445312,92.54308319091797
2017-03-22,202.63076782226562,92.91280364990234
2017-03-23,202.41456604003906,92.78185272216797
2017-03-24,202.2675323486328,93.11308288574219
2017-03-27,202.05995178222656,93.5367431640625
2017-03-28,203.53025817871094,92.91280364990234
2017-03-29,203.72055053710938,93.46743774414062
2017-03-30,204.36924743652344,92.7125244140625
2017-03-31,203.89353942871094,92.98218536376953
2017-04-03,203.53890991210938,93.9200210571289
2017-04-04,203.6686248779297,93.41055297851562
2017-04-05,203.06321716308594,93.69617462158203
2017-04-06,203.63406372070312,93.5572509765625
2017-04-07,203.42649841308594,93.17897033691406
2017-04-10,203.54757690429688,93.61125946044922
2017-04-11,203.30540466308594,94.49895477294922
2017-04-12,202.41456604003906,95.01612854003906
2017-04-13,201.09983825683594,95.30953216552734
2017-04-17,202.88160705566406,95.01612854003906
2017-04-18,202.27609252929688,96.25894927978516
2017-04-19,201.9042510986328,95.73407745361328
2017-04-20,203.54757690429688,95.3635482788086
2017-04-21,202.89894104003906,95.3635482788086
2017-04-24,205.13034057617188,94.89265441894531
2017-04-25,206.32391357421875,93.75019836425781
2017-04-26,206.1941680908203,94.26739501953125
2017-04-27,206.36715698242188,94.2365493774414
2017-04-28,205.9174346923828,94.4449234008789
2017-05-01,206.43637084960938,93.65983581542969
2017-05-02,206.51417541503906,94.13939666748047
2017-05-03,206.26332092285156,94.20125579833984
2017-05-04,206.5055389404297,93.73717498779297
2017-05-05,207.3185577392578,93.82222747802734
2017-05-08,207.28396606445312,93.3117446899414
2017-05-09,207.09371948242188,93.30398559570312
2017-05-10,207.46559143066406,93.19567108154297
2017-05-11,207.0418243408203,93.19567108154297
2017-05-12,206.69583129882812,93.89964294433594
2017-05-15,207.83750915527344,93.6443099975586
2017-05-16,207.64723205566406,93.9924087524414
2017-05-17,203.96273803710938,95.36156463623047
2017-05-18,204.7843780517578,95.4698486328125
2017-05-19,206.1163330078125,95.6941909790039
2017-05-22,207.16290283203125,95.43121337890625
2017-05-23,207.62127685546875,94.78914642333984
2017-05-24,208.1056365966797,95.32289123535156
2017-05-25,209.10028076171875,95.35385131835938
2017-05-26,209.05702209472656,95.51628112792969
2017-05-30,208.87539672851562,95.98812103271484
2017-05-31,208.8235626220703,96.22795104980469
2017-06-01,210.48411560058594,96.238037109375
2017-06-02,211.1846923828125,97.37752532958984
2017-06-05,211.02903747558594,96.77290344238281
2017-06-06,210.35443115234375,97.30001068115234
2017-06-07,210.7436065673828,96.83488464355469
2017-06-08,210.84742736816406,96.5791015625
2017-06-09,210.52737426757812,96.43185424804688
2017-06-12,210.48411560058594,96.40082550048828
2017-06-13,211.51339721679688,96.41634368896484
2017-06-14,211.24520874023438,97.90465545654297
2017-06-15,210.83876037597656,97.74959564208984
2017-06-16,210.8848114013672,97.94342041015625
2017-06-19,212.6405029296875,97.8038558959961
2017-06-20,211.20639038085938,98.67982482910156
2017-06-21,211.15420532226562,98.8813247680664
2017-06-22,211.05859375,99.09841918945312
2017-06-23,211.31068420410156,99.0518798828125
2017-06-26,211.44972229003906,99.42400360107422
2017-06-27,209.74620056152344,98.36200714111328
2017-06-28,211.62356567382812,98.0363998413086
2017-06-29,209.7635955810547,97.21475219726562
2017-06-30,210.15475463867188,96.98997497558594
2017-07-03,210.5111083984375,96.6777114868164
2017-07-05,210.99774169921875,96.70095825195312
2017-07-06,209.06834411621094,95.90086364746094
2017-07-07,210.42417907714844,95.32606506347656
2017-07-10,210.65011596679688,95.46588897705078
2017-07-11,210.4936981201172,95.62899017333984
2017-07-12,212.07554626464844,96.28926086425781
2017-07-13,212.43179321289062,95.6833724975586
2017-07-14,213.4226531982422,95.7999496459961
2017-07-17,213.39662170410156,96.06402587890625
2017-07-18,213.5095977783203,96.90293884277344
2017-07-19,214.66555786132812,96.94176483154297
2017-07-20,214.7611541748047,97.22140502929688
2017-07-21,214.56991577148438,97.63309478759766
2017-07-24,214.51779174804688,97.25251007080078
2017-07-25,215.0392608642578,95.98635864257812
2017-07-26,215.0479278564453,96.1417236328125
2017-07-27,214.8480224609375,95.66787719726562
2017-07-28,214.5959930419922,96.23490142822266
2017-07-31,214.47430419921875,96.35143280029297
2017-08-01,214.9523162841797,97.02790832519531
2017-08-02,215.0565948486328,97.08236694335938
2017-08-03,214.63946533203125,98.08660125732422
2017-08-04,215.03054809570312,97.253662109375
2017-08-07,215.4303436279297,97.3626480102539
2017-08-08,214.90020751953125,97.01235961914062
2017-08-09,214.89144897460938,97.54168701171875
2017-08-10,211.85826110839844,98.37464904785156
2017-08-11,212.17105102539062,98.42137145996094
2017-08-14,214.27438354492188,97.91536712646484
2017-08-15,214.24832153320312,97.50273132324219
2017-08-16,214.62208557128906,97.86090850830078
2017-08-17,211.27587890625,98.59263610839844
2017-08-18,210.9456787109375,98.56926727294922
2017-08-21,211.11074829101562,98.81062316894531
2017-08-22,213.31837463378906,98.42919158935547
2017-08-23,212.55355834960938,99.0986328125
2017-08-24,212.05813598632812,98.73272705078125
2017-08-25,212.55355834960938,99.11420440673828
2017-08-28,212.56224060058594,99.05192565917969
2017-08-29,212.80560302734375,99.37108612060547
2017-08-30,213.81381225585938,99.3399429321289
2017-08-31,215.10006713867188,99.63574981689453
2017-09-01,215.40426635742188,98.87371826171875
2017-09-05,213.85720825195312,100.44158172607422
2017-09-06,214.5872802734375,99.82533264160156
2017-09-07,214.56114196777344,100.84724426269531
2017-09-08,214.30918884277344,100.6287841796875
2017-09-11,216.59495544433594,99.42752075195312
2017-09-12,217.32501220703125,98.90483093261719
2017-09-13,217.42933654785156,98.51481628417969
2017-09-14,217.3598175048828,98.92045593261719
2017-09-15,217.6524200439453,98.95945739746094
2017-09-18,218.1153106689453,98.39002227783203
2017-09-19,218.3336944580078,98.14822387695312
2017-09-20,218.41233825683594,98.21839904785156
2017-09-21,217.82713317871094,98.16378021240234
2017-09-22,217.87078857421875,98.44461059570312
2017-09-25,217.42532348632812,99.06085968017578
2017-09-26,217.5563201904297,98.88142395019531
2017-09-27,218.40353393554688,97.39151763916016
2017-09-28,218.66563415527344,97.10289001464844
2017-09-29,219.43426513671875,97.32132720947266
2017-10-02,220.3862762451172,97.1430435180664
2017-10-03,220.85791015625,97.23690032958984
2017-10-04,221.11993408203125,97.24471282958984
2017-10-05,222.43014526367188,96.87734985351562
2017-10-06,222.1768341064453,96.60376739501953
2017-10-09,221.80999755859375,96.90860748291016
2017-10-10,222.39520263671875,97.06493377685547
2017-10-11,222.74459838867188,97.25254821777344
2017-10-12,222.41265869140625,97.66679382324219
2017-10-13,222.6834259033203,98.37028503417969
2017-10-16,222.98037719726562,98.29994201660156
2017-10-17,223.13760375976562,98.42497253417969
2017-10-18,223.35597229003906,97.7762222290039
2017-10-19,223.4171142578125,97.94817352294922
2017-10-20,224.57005310058594,96.90860748291016
2017-10-23,223.6965789794922,97.08055877685547
2017-10-24,224.0896453857422,96.47868347167969
2017-10-25,222.98037719726562,96.01753234863281
2017-10-26,223.2686309814453,95.69705963134766
2017-10-27,225.09413146972656,96.33014678955078
2017-10-30,224.25559997558594,97.25254821777344
2017-10-31,224.60496520996094,97.28375244140625
2017-11-01,224.90196228027344,97.7169418334961
2017-11-02,224.98927307128906,98.14779663085938
2017-11-03,225.74049377441406,98.41410064697266
2017-11-06,226.08981323242188,98.78228759765625
2017-11-07,225.93258666992188,99.19742584228516
2017-11-08,226.31692504882812,98.97808074951172
2017-11-09,225.4959259033203,98.69609069824219
2017-11-10,225.42599487304688,97.20777130126953
2017-11-13,225.63565063476562,97.41143798828125
2017-11-14,225.11160278320312,98.0694351196289
2017-11-15,223.98486328125,99.13475799560547
2017-11-16,225.88894653320312,98.27308654785156
2017-11-17,225.22512817382812,99.00157165527344
2017-11-20,225.60940551757812,98.96235656738281
2017-11-21,227.08555603027344,99.27572631835938
2017-11-22,226.8846893310547,99.5969009399414
2017-11-24,227.40872192382812,99.32273864746094
2017-11-27,227.295166015625,99.18172454833984
2017-11-28,229.6010284423828,99.31488037109375
2017-11-29,229.46133422851562,98.33578491210938
2017-11-30,231.47021484375,98.00679779052734
2017-12-01,230.9898223876953,99.3293685913086
2017-12-04,230.71038818359375,99.37642669677734
2017-12-05,229.8805694580078,99.87092590332031
2017-12-06,229.92425537109375,100.21630859375
2017-12-07,230.64918518066406,99.43136596679688
2017-12-08,231.906982421875,99.43925476074219
2017-12-11,232.60572814941406,99.23515319824219
2017-12-12,233.0162353515625,99.19591522216797
2017-12-13,232.9900360107422,99.94155883789062
2017-12-14,232.03793334960938,100.36541748046875
2017-12-15,233.97027587890625,100.7421875
2017-12-18,235.45391845703125,99.82384490966797
2017-12-19,234.54962158203125,98.5287094116211
2017-12-20,234.42672729492188,97.43775939941406
2017-12-21,234.90956115722656,98.00563049316406
2017-12-22,234.84814453125,98.13936614990234
2017-12-26,234.56716918945312,98.43031311035156
2017-12-27,234.6813201904297,99.71246337890625
2017-12-28,235.16421508789062,99.62593078613281
2017-12-29,234.27745056152344,99.78327941894531
2018-01-02,235.95433044433594,98.70565795898438
2018-01-03,237.4467315673828,99.17758178710938
2018-01-04,238.44754028320312,99.16190338134766
2018-01-05,240.03656005859375,98.87875366210938
2018-01-08,240.4755401611328,98.81581115722656
2018-01-09,241.01979064941406,97.49436950683594
2018-01-10,240.65110778808594,97.3763656616211
2018-01-11,242.40695190429688,97.77752685546875
2018-01-12,243.987060546875,97.94271087646484
2018-01-16,243.1531219482422,98.35172271728516
2018-01-17,245.47080993652344,98.21797943115234
2018-01-18,245.05816650390625,97.30558776855469
2018-01-19,246.17308044433594,96.7943344116211
2018-01-22,248.1747589111328,96.8886947631836
2018-01-23,248.70156860351562,97.30558776855469
2018-01-24,248.60496520996094,96.778564453125
2018-01-25,248.71023559570312,97.5730209350586
2018-01-26,251.58970642089844,97.21121215820312
2018-01-29,249.92178344726562,96.53475952148438
2018-01-30,247.3583221435547,95.96844482421875
2018-01-31,247.48121643066406,96.53475952148438
2018-02-01,247.2002716064453,95.13569641113281
2018-02-02,241.8186798095703,94.25296020507812
2018-02-05,231.7052459716797,95.14356231689453
2018-02-06,236.2703094482422,94.55244445800781
2018-02-07,234.98858642578125,93.65387725830078
2018-02-08,226.1744384765625,93.55140686035156
2018-02-09,229.5719757080078,92.96026611328125
2018-02-12,232.9430694580078,93.37015533447266
2018-02-13,233.52247619628906,93.7878646850586
2018-02-14,236.67413330078125,92.74746704101562
2018-02-15,239.69410705566406,93.06275939941406
2018-02-16,239.7644500732422,93.56718444824219
2018-02-20,238.2632293701172,93.15729522705078
2018-02-21,237.07801818847656,92.01444244384766
2018-02-22,237.3853302001953,92.2903060913086
2018-02-23,241.1690216064453,93.11003875732422
2018-02-26,243.9695587158203,93.14155578613281
2018-02-27,240.9232177734375,93.00760650634766
2018-02-28,238.48269653320312,93.59870910644531
2018-03-01,235.014892578125,94.23765563964844
2018-03-02,236.22645568847656,93.47150421142578
2018-03-05,238.95677185058594,93.2188491821289
2018-03-06,239.56248474121094,93.30571746826172
2018-03-07,239.4747314453125,93.20301055908203
2018-03-08,240.63356018066406,93.74010467529297
2018-03-09,244.8211212158203,93.12406158447266
2018-03-12,244.51388549804688,93.66107177734375
2018-03-13,242.93359375,94.13494110107422
2018-03-14,241.68704223632812,94.9642562866211
2018-03-15,241.42364501953125,94.9642562866211
2018-03-16,241.6855010986328,94.62467956542969
2018-03-19,238.41525268554688,94.32455444335938
2018-03-20,238.82083129882812,93.9454574584961
2018-03-21,238.3624267578125,94.04812622070312
2018-03-22,232.4040069580078,94.98009490966797
2018-03-23,227.45045471191406,94.90895080566406
2018-03-26,233.6732177734375,94.54568481445312
2018-03-27,229.6980743408203,95.55659484863281
2018-03-28,229.0194091796875,95.80933380126953
2018-03-29,231.9457550048828,96.27529907226562
2018-04-02,226.9392852783203,96.46524810791016
2018-04-03,229.847900390625,95.72129821777344
2018-04-04,232.30712890625,95.5234375
2018-04-05,234.14051818847656,94.8110580444336
2018-04-06,228.92247009277344,95.84790802001953
2018-04-09,230.05072021484375,96.00618743896484
2018-04-10,233.70858764648438,95.83206939697266
2018-04-11,232.48336791992188,96.17243957519531
2018-04-12,234.39610290527344,95.468017578125
2018-04-13,233.70858764648438,95.68961334228516
2018-04-16,235.6300506591797,95.72129821777344
2018-04-17,238.15093994140625,95.98247528076172
2018-04-18,238.3271942138672,95.21477508544922
2018-04-19,237.005126953125,94.43907165527344
2018-04-20,234.99542236328125,93.75843048095703
2018-04-23,234.96014404296875,93.78215789794922
2018-04-24,231.79588317871094,93.35477447509766
2018-04-25,232.3688507080078,92.72952270507812
2018-04-26,234.7310333251953,93.37852478027344
2018-04-27,234.9513397216797,94.09876251220703
2018-04-30,233.1444854736328,94.2649917602539
2018-05-01,233.55873107910156,93.92544555664062
2018-05-02,231.98983764648438,93.82231903076172
2018-05-03,231.47854614257812,94.24275970458984
2018-05-04,234.47543334960938,94.3855209350586
2018-05-07,235.26866149902344,94.23478698730469
2018-05-08,235.26866149902344,94.14754486083984
2018-05-09,237.54275512695312,93.5843734741211
2018-05-10,239.76393127441406,94.33797454833984
2018-05-11,240.4954833984375,94.57591247558594
2018-05-14,240.61009216308594,94.076171875
2018-05-15,238.9530029296875,93.00530242919922
2018-05-16,239.95787048339844,92.64839172363281
2018-05-17,239.755126953125,92.18038940429688
2018-05-18,239.15573120117188,92.9736099243164
2018-05-21,240.95376586914062,93.02122497558594
2018-05-22,240.28396606445312,92.87841033935547
2018-05-23,240.945068359375,93.55266571044922
2018-05-24,240.45150756835938,94.29825592041016
2018-05-25,239.87852478027344,94.88524627685547
2018-05-29,237.11962890625,96.96349334716797
2018-05-30,240.28396606445312,96.31305694580078
2018-05-31,238.81201171875,96.1543960571289
2018-06-01,241.15658569335938,95.64634704589844
2018-06-04,242.30238342285156,94.95465087890625
2018-06-05,242.47860717773438,95.17724609375
2018-06-06,244.50592041015625,94.40605926513672
2018-06-07,244.4795379638672,95.32040405273438
2018-06-08,245.2023162841797,95.0341796875
2018-06-11,245.52842712402344,94.85929107666016
2018-06-12,245.845703125,94.88308715820312
2018-06-13,245.06126403808594,94.83535766601562
2018-06-14,245.6782989501953,95.62249755859375
2018-06-15,245.36474609375,95.70997619628906
2018-06-18,244.86021423339844,95.62249755859375
2018-06-19,243.92169189453125,96.17906951904297
2018-06-20,244.33786010742188,95.3363037109375
2018-06-21,242.8060760498047,95.83718872070312
2018-06-22,243.248779296875,95.82923126220703
2018-06-25,239.93746948242188,96.04389190673828
2018-06-26,240.46871948242188,96.17906951904297
2018-06-27,238.47662353515625,97.08543395996094
2018-06-28,239.84007263183594,97.10929870605469
2018-06-29,240.1854248046875,96.77539825439453
2018-07-02,240.6988525390625,96.69962310791016
2018-07-03,239.8489227294922,97.21760559082031
2018-07-05,241.80564880371094,97.49649810791016
2018-07-06,243.85092163085938,97.81524658203125
2018-07-09,246.04653930664062,97.18573760986328
2018-07-10,246.93194580078125,97.17774200439453
2018-07-11,245.12576293945312,97.55230712890625
2018-07-12,247.34808349609375,97.54436492919922
2018-07-13,247.5428924560547,97.79137420654297
2018-07-16,247.3216094970703,97.38494110107422
2018-07-17,248.32199096679688,97.20169067382812
2018-07-18,248.8444061279297,96.81119537353516
2018-07-19,247.90589904785156,97.42481994628906
2018-07-20,247.62252807617188,96.2294921875
2018-07-23,248.08294677734375,95.04220581054688
2018-07-24,249.331298828125,95.36884307861328
2018-07-25,251.456298828125,95.21746826171875
2018-07-26,250.86302185058594,95.03422546386719
2018-07-27,249.16311645507812,95.19359588623047
2018-07-30,247.8616485595703,94.86685943603516
2018-07-31,249.08340454101562,95.3847885131836
2018-08-01,248.6673126220703,94.6077651977539
2018-08-02,250.02194213867188,94.74348449707031
2018-08-03,251.09324645996094,95.2146987915039
2018-08-06,252.0140838623047,95.2706298828125
2018-08-07,252.84628295898438,94.77546691894531
2018-08-08,252.7400665283203,94.87130737304688
2018-08-09,252.394775390625,95.6699447631836
2018-08-10,250.70359802246094,96.36478424072266
2018-08-13,249.76519775390625,96.16510009765625
2018-08-14,251.35882568359375,95.94945526123047
2018-08-15,249.4818572998047,96.50849914550781
2018-08-16,251.50048828125,96.50056457519531
2018-08-17,252.38595581054688,96.62037658691406
2018-08-20,252.92596435546875,97.26721954345703
2018-08-21,253.5191650390625,96.93978118896484
2018-08-22,253.36863708496094,97.32315063476562
2018-08-23,253.03225708007812,97.4748764038086
2018-08-24,254.5550994873047,97.66655731201172
2018-08-27,256.56488037109375,97.10749816894531
2018-08-28,256.6888122558594,96.52452087402344
2018-08-29,258.07000732421875,96.65225982666016
2018-08-30,257.0252685546875,96.85993194580078
2018-08-31,257.0341491699219,96.63627624511719
2018-09-04,256.5914306640625,96.07757568359375
2018-09-05,255.90084838867188,95.82148742675781
2018-09-06,255.13052368164062,96.17366027832031
2018-09-07,254.63475036621094,95.35718536376953
2018-09-10,255.0774688720703,95.70935821533203
2018-09-11,255.91848754882812,94.98099517822266
2018-09-12,255.98052978515625,95.20507049560547
2018-09-13,257.4945373535156,95.34918212890625
2018-09-14,257.5387878417969,94.89293670654297
2018-09-17,256.1752624511719,94.89293670654297
2018-09-18,257.5653991699219,93.90036010742188
2018-09-19,257.8397521972656,93.34003448486328
2018-09-20,259.9292907714844,93.77233123779297
2018-09-21,259.6918640136719,93.73230743408203
2018-09-24,258.8291015625,93.49217224121094
2018-09-25,258.5889892578125,93.39610290527344
2018-09-26,257.8152770996094,94.0524673461914
2018-09-27,258.5356750488281,94.11652374267578
2018-09-28,258.5622863769531,93.86832427978516
2018-10-01,259.4605712890625,93.17921447753906
2018-10-02,259.3093566894531,93.74884033203125
2018-10-03,259.45166015625,92.12027740478516
2018-10-04,257.42388916015625,91.47052001953125
2018-10-05,255.98309326171875,90.68429565429688
2018-10-08,255.98309326171875,90.37947082519531
2018-10-09,255.60952758789062,91.29399871826172
2018-10-10,247.51614379882812,91.0452880859375
2018-10-11,242.06419372558594,92.15235900878906
2018-10-12,245.4260711669922,91.83148193359375
2018-10-15,244.0474853515625,91.79138946533203
2018-10-16,249.3838653564453,91.99995422363281
2018-10-17,249.42828369140625,91.45442962646484
2018-10-18,245.82632446289062,91.42237854003906
2018-10-19,245.69287109375,91.22180938720703
2018-10-22,244.59005737304688,91.10147094726562
2018-10-23,243.34495544433594,91.3902816772461
2018-10-24,235.97190856933594,92.0802001953125
2018-10-25,240.20538330078125,91.69514465332031
2018-10-26,235.98077392578125,92.24866485595703
2018-10-29,234.6733856201172,92.04007720947266
2018-10-30,238.15086364746094,91.58282470703125
2018-10-31,240.69447326660156,91.11753845214844
2018-11-01,243.25601196289062,91.2019271850586
2018-11-02,241.815185546875,90.06807708740234
2018-11-05,243.14926147460938,90.42192077636719
2018-11-06,244.68785095214844,90.36561584472656
2018-11-07,249.92642211914062,90.4862289428711
2018-11-08,249.4728240966797,90.47817993164062
2018-11-09,247.03591918945312,91.15367889404297
2018-11-12,242.419921875,91.74878692626953
2018-11-13,241.9663848876953,91.69253540039062
2018-11-14,240.3120574951172,91.74878692626953
2018-11-15,242.82020568847656,91.70858001708984
2018-11-16,243.4517059326172,92.2393569946289
2018-11-19,239.33377075195312,92.49664306640625
2018-11-20,234.90463256835938,92.52883911132812
2018-11-21,235.70506286621094,92.49664306640625
2018-11-23,234.13088989257812,92.59317779541016
2018-11-26,237.91079711914062,92.3840560913086
2018-11-27,238.71116638183594,92.48860931396484
2018-11-28,244.2075653076172,92.03828430175781
2018-11-29,243.6739959716797,92.40013885498047
2018-11-30,245.1592559814453,92.7459716796875
2018-12-03,248.40554809570312,93.40451049804688
2018-12-04,240.35655212402344,94.96825408935547
2018-12-06,239.991943359375,95.26648712158203
2018-12-07,234.41546630859375,95.44380950927734
2018-12-10,234.86016845703125,95.83881378173828
2018-12-11,234.91351318359375,95.82261657714844
2018-12-12,236.096435546875,95.39542388916016
2018-12-13,236.016357421875,95.16973876953125
2018-12-14,231.65834045410156,95.5002212524414
2018-12-17,227.11363220214844,96.056396484375
2018-12-18,226.86460876464844,96.63166046142578
2018-12-19,223.46714782714844,97.90825653076172
2018-12-20,219.82957458496094,97.55274200439453
2018-12-21,215.32534790039062,97.53659057617188
2018-12-24,209.63580322265625,98.0213394165039
2018-12-26,220.22763061523438,96.97100830078125
2018-12-27,221.91842651367188,96.98714447021484
2018-12-28,221.63214111328125,97.80322265625
2018-12-31,223.5733642578125,98.17486572265625
2019-01-02,223.80596923828125,98.69194030761719
2019-01-03,218.46531677246094,99.81504821777344
2019-01-04,225.782958984375,98.65966033935547
2019-01-07,227.5631866455078,98.36878967285156
2019-01-08,229.70123291015625,98.11021423339844
2019-01-09,230.7747344970703,97.95672607421875
2019-01-10,231.58877563476562,97.3265151977539
2019-01-11,231.6782684326172,97.70623779296875
2019-01-14,230.26480102539062,97.34268188476562
2019-01-15,232.90383911132812,96.98714447021484
2019-01-16,233.4674530029297,97.08411407470703
2019-01-17,235.23870849609375,97.10836029052734
2019-01-18,238.36968994140625,96.59930419921875
2019-01-22,235.14927673339844,97.2537841796875
2019-01-23,235.64126586914062,97.21341705322266
2019-01-24,235.76649475097656,97.85167694091797
2019-01-25,237.76136779785156,97.38307189941406
2019-01-28,235.954345703125,97.28610229492188
2019-01-29,235.64126586914062,97.77892303466797
2019-01-30,239.3716278076172,97.70623779296875
2019-01-31,241.4739227294922,98.5465087890625
2019-02-01,241.59027099609375,97.95136260986328
2019-02-04,243.28988647460938,97.51405334472656
2019-02-05,244.3097686767578,97.95941925048828
2019-02-06,243.9876708984375,98.00804901123047
2019-02-07,241.66172790527344,98.65585327148438
2019-02-08,241.9569854736328,99.07693481445312
2019-02-11,242.09115600585938,98.68821716308594
2019-02-12,245.204345703125,98.43716430664062
2019-02-13,246.00050354003906,98.06468963623047
2019-02-14,245.4547882080078,98.62342834472656
2019-02-15,248.1295928955078,98.7773208618164
2019-02-19,248.55894470214844,99.02835845947266
2019-02-20,249.05992126464844,98.74490356445312
2019-02-21,248.17431640625,97.86225128173828
2019-02-22,249.71302795410156,98.44530487060547
2019-02-25,250.0529022216797,98.15380859375
2019-02-26,249.87408447265625,98.6396255493164
2019-02-27,249.76675415039062,97.52213287353516
2019-02-28,249.3014373779297,97.19013214111328
2019-03-01,250.85809326171875,96.29183197021484
2019-03-04,249.9456024169922,97.04649353027344
2019-03-05,249.60565185546875,97.24938201904297
2019-03-06,248.09381103515625,97.60640716552734
2019-03-07,246.01841735839844,98.23937225341797
2019-03-08,245.52638244628906,98.65324401855469
2019-03-11,249.08673095703125,98.36111450195312
2019-03-12,250.02610778808594,99.05089569091797
2019-03-13,251.6810760498047,98.86424255371094
2019-03-14,251.52005004882812,98.15013122558594
2019-03-15,252.7626953125,98.79930114746094
2019-03-18,253.67916870117188,98.74250793457031
2019-03-19,253.74208068847656,98.52340698242188
2019-03-20,252.97830200195312,99.55402374267578
2019-03-21,255.8356170654297,99.77311706542969
2019-03-22,250.9116973876953,101.32305145263672
2019-03-25,250.72308349609375,101.4853744506836
2019-03-26,252.59194946289062,101.41233825683594
2019-03-27,251.2711181640625,102.34553527832031
2019-03-28,252.22357177734375,102.70262145996094
2019-03-29,253.81402587890625,102.6052474975586
2019-04-01,256.8240051269531,101.1478271484375
2019-04-02,256.9498291015625,101.33489990234375
2019-04-03,257.3541259765625,100.45654296875
2019-04-04,258.0369873046875,100.74119567871094
2019-04-05,259.2859802246094,100.87132263183594
2019-04-08,259.48370361328125,100.51345825195312
2019-04-09,258.1537780761719,100.83065032958984
2019-04-10,259.0343933105469,101.07464599609375
2019-04-11,258.96246337890625,100.48096466064453
2019-04-12,260.7145690917969,99.76522064208984
2019-04-15,260.5439453125,100.01739501953125
2019-04-16,260.7145690917969,99.39112091064453
2019-04-17,260.0767822265625,99.43182373046875
2019-04-18,260.58880615234375,99.95230102539062
2019-04-22,260.8133850097656,99.47249603271484
2019-04-23,263.1585998535156,99.6839370727539
2019-04-24,262.57452392578125,100.49720001220703
2019-04-25,262.4128112792969,100.35082244873047
2019-04-26,263.6347961425781,100.69239044189453
2019-04-29,264.0479736328125,100.0499038696289
2019-04-30,264.1828918457031,100.56224060058594
2019-05-01,262.1971740722656,100.97711944580078
2019-05-02,261.631103515625,100.49625396728516
2019-05-03,264.19189453125,100.78152465820312
2019-05-06,263.1045837402344,101.05860900878906
2019-05-07,258.7109680175781,101.83283233642578
2019-05-08,258.3514709472656,101.39273071289062
2019-05-09,257.5697937011719,101.80840301513672
2019-05-10,258.8636169433594,101.66980743408203
2019-05-13,252.35836791992188,102.46851348876953
2019-05-14,254.64059448242188,102.16697692871094
2019-05-15,256.1322021484375,102.7945556640625
2019-05-16,258.5042419433594,102.45220184326172
2019-05-17,256.8329772949219,102.68040466308594
2019-05-20,255.1348114013672,102.46851348876953
2019-05-21,257.4349670410156,102.30554962158203
2019-05-22,256.6443176269531,102.89234924316406
2019-05-23,253.50851440429688,104.0495834350586
2019-05-24,254.08349609375,104.13926696777344
2019-05-28,251.7203369140625,104.88905334472656
2019-05-29,250.03115844726562,105.20687866210938
2019-05-30,250.71405029296875,106.11149597167969
2019-05-31,247.33566284179688,107.43997955322266
2019-06-03,246.70669555664062,108.15860748291016
2019-06-04,252.06178283691406,106.92543029785156
2019-06-05,254.24526977539062,106.3211669921875
2019-06-06,255.89845275878906,106.66413116455078
2019-06-07,258.4593200683594,107.58699035644531
2019-06-10,259.6454162597656,106.57425689697266
2019-06-11,259.5823974609375,106.63966369628906
2019-06-12,259.1242980957031,106.72128295898438
2019-06-13,260.19342041015625,107.08879852294922
2019-06-14,259.9059143066406,107.35831451416016
2019-06-17,260.00469970703125,107.54613494873047
2019-06-18,262.72723388671875,108.08515167236328
2019-06-19,263.3203125,108.24031829833984
2019-06-20,265.83612060546875,108.52611541748047
2019-06-21,265.44976806640625,107.33378601074219
2019-06-24,265.12469482421875,108.13414001464844
2019-06-25,262.5244140625,108.46892547607422
2019-06-26,262.2625427246094,107.77478790283203
2019-06-27,263.19244384765625,108.53429412841797
2019-06-28,264.5468444824219,108.46076202392578
2019-07-01,266.9485168457031,108.2071533203125
2019-07-02,267.643798828125,109.0417251586914
2019-07-03,269.7836608886719,109.819091796875
2019-07-05,269.47662353515625,108.36258697509766
2019-07-08,267.9958801269531,108.5098648071289
2019-07-09,268.3299255371094,108.46895599365234
2019-07-10,269.61199951171875,107.87165832519531
2019-07-11,270.2441101074219,106.43148803710938
2019-07-12,271.4540100097656,106.55422973632812
2019-07-15,271.5442199707031,107.16791534423828
2019-07-16,270.66851806640625,106.84884643554688
2019-07-17,268.8265686035156,108.0025405883789
2019-07-18,269.8106384277344,108.0107650756836
2019-07-19,268.3118896484375,107.757080078125
2019-07-22,268.9710388183594,107.96166229248047
2019-07-23,270.8941345214844,107.37245178222656
2019-07-24,272.16717529296875,107.83892059326172
2019-07-25,270.8670959472656,107.3233871459961
2019-07-26,272.68194580078125,107.57707214355469
2019-07-29,272.18536376953125,107.60982513427734
2019-07-30,271.5170593261719,107.87165832519531
2019-07-31,268.54656982421875,108.73902130126953
2019-08-01,266.2080993652344,110.89863586425781
2019-08-02,264.2037048339844,111.92340850830078
2019-08-05,256.2583312988281,113.85844421386719
2019-08-06,259.8517761230469,114.76849365234375
2019-08-07,260.00531005859375,114.8094711303711
2019-08-08,265.1066589355469,115.05546569824219
2019-08-09,263.30078125,114.82592010498047
2019-08-12,260.0955505371094,117.22000122070312
2019-08-13,264.14056396484375,116.81817626953125
2019-08-14,256.33050537109375,119.4500961303711
2019-08-15,257.0076599121094,120.7783203125
2019-08-16,260.7998352050781,119.81079864501953
2019-08-19,263.9419250488281,118.09725189208984
2019-08-20,261.9194030761719,119.31887817382812
2019-08-21,264.0502624511719,118.5235595703125
2019-08-22,263.9690246582031,117.73651123046875
2019-08-23,257.1883239746094,119.67143249511719
2019-08-26,260.0323791503906,119.18769073486328
2019-08-27,259.01214599609375,121.02427673339844
2019-08-28,260.8359680175781,121.1800537109375
2019-08-29,264.1676025390625,120.7209243774414
2019-08-30,264.0502624511719,120.75373077392578
2019-09-03,262.50634765625,120.9097900390625
2019-09-04,265.48583984375,121.09041595458984
2019-09-05,268.8987121582031,118.89741516113281
2019-09-06,269.1064453125,119.74344635009766
2019-09-09,269.2418518066406,117.61613464355469
2019-09-10,269.1787109375,115.55464172363281
2019-09-11,271.09283447265625,115.3492202758789
2019-09-12,272.0318298339844,114.59362030029297
2019-09-13,271.8512268066406,112.14598846435547
2019-09-16,271.0115661621094,113.57518768310547
2019-09-17,271.6976623535156,114.19120025634766
2019-09-18,271.8603210449219,114.6757583618164
2019-09-19,271.8421325683594,115.02069091796875
2019-09-20,270.55780029296875,116.54022216796875
2019-09-23,270.4942932128906,116.51555633544922
2019-09-24,268.37176513671875,117.9200439453125
2019-09-25,269.9591369628906,116.19518280029297
2019-09-26,269.39678955078125,116.94271087646484
2019-09-27,267.9454345703125,117.23014068603516
2019-09-30,269.1881103515625,117.51760864257812
2019-10-01,265.9861755371094,117.87140655517578
2019-10-02,261.28759765625,118.15935516357422
2019-10-03,263.4283142089844,119.2371826171875
2019-10-04,266.9930114746094,120.11759948730469
2019-10-07,265.84100341796875,119.12207794189453
2019-10-08,261.7139587402344,119.44296264648438
2019-10-09,264.1993103027344,118.7682113647461
2019-10-10,265.9861755371094,116.99925994873047
2019-10-11,268.74365234375,115.5511245727539
2019-10-14,268.4443359375,116.39041900634766
2019-10-15,271.10205078125,114.98344421386719
2019-10-16,270.6665954589844,115.12329864501953
2019-10-17,271.46490478515625,114.84358978271484
2019-10-18,270.2765808105469,114.84358978271484
2019-10-21,272.1088562011719,113.97962951660156
2019-10-22,271.21990966796875,114.64610290527344
2019-10-23,272.0091247558594,114.76129913330078
2019-10-24,272.45355224609375,114.53095245361328
2019-10-25,273.5692443847656,113.97142028808594
2019-10-28,275.1112976074219,112.93470764160156
2019-10-29,275.02960205078125,113.00879669189453
2019-10-30,275.8731689453125,114.66263580322266
2019-10-31,275.138427734375,116.20934295654297
2019-11-01,277.68731689453125,115.85163879394531
2019-11-04,278.802978515625,114.32685852050781
2019-11-05,278.4945373535156,113.04110717773438
2019-11-06,278.5579833984375,113.72517395019531
2019-11-07,279.5376281738281,111.66468811035156
2019-11-08,280.2270812988281,111.19485473632812
2019-11-11,279.6919250488281,111.26908111572266
2019-11-12,280.2814636230469,111.78005981445312
2019-11-13,280.3721923828125,112.50532531738281
2019-11-14,280.7803955078125,113.66748046875
2019-11-15,282.8122253417969,113.54389190673828
2019-11-18,283.020751953125,113.74992370605469
2019-11-19,282.939208984375,114.69779205322266
2019-11-20,281.886962890625,115.8846664428711
2019-11-21,281.4334411621094,115.15934753417969
2019-11-22,282.05926513671875,115.30767059326172
2019-11-25,284.2453308105469,115.64566040039062
2019-11-26,284.88934326171875,116.32149505615234
2019-11-27,286.15924072265625,115.98355102539062
2019-11-29,285.097900390625,115.73628234863281
2019-12-02,282.67608642578125,114.19319915771484
2019-12-03,280.7803955078125,116.58751678466797
2019-12-04,282.5128173828125,115.42333221435547
2019-12-05,283.020751953125,114.86200714111328
2019-12-06,285.60595703125,114.22621154785156
2019-12-09,284.7079772949219,114.47393035888672
2019-12-10,284.3904113769531,114.4821548461914
2019-12-11,285.19775390625,115.382080078125
2019-12-12,287.6559143066406,113.4831314086914
2019-12-13,287.8282470703125,114.79589080810547
2019-12-16,289.80572509765625,113.76385498046875
2019-12-17,289.86920166015625,113.60700988769531
2019-12-18,289.8871765136719,112.67401885986328
2019-12-19,291.0754089355469,112.85428619384766
2019-12-20,292.3515930175781,113.00311279296875
2019-12-23,292.7982482910156,112.83775329589844
2019-12-24,292.807373046875,113.16024780273438
2019-12-26,294.3660888671875,113.43313598632812
2019-12-27,294.2930908203125,113.55718231201172
2019-12-30,292.6706237792969,113.14372253417969
2019-12-31,293.381591796875,112.03563690185547
2020-01-02,296.125244140625,113.30083465576172
2020-01-03,293.88299560546875,115.04576110839844
2020-01-06,295.004150390625,114.3924331665039
2020-01-07,294.17462158203125,113.83007049560547
2020-01-08,295.74249267578125,113.07752990722656
2020-01-09,297.7478332519531,113.4744873046875
2020-01-10,296.8909912109375,114.48339080810547
2020-01-13,298.9327697753906,114.13604736328125
2020-01-14,298.47698974609375,114.72322082519531
2020-01-15,299.15155029296875,115.4840087890625
2020-01-16,301.6399230957031,115.12017822265625
2020-01-17,302.5788879394531,114.13604736328125
2020-01-21,301.9864196777344,115.33516693115234
2020-01-22,302.02288818359375,115.74034118652344
2020-01-23,302.3692321777344,116.5508041381836
2020-01-24,299.68023681640625,117.49353790283203
2020-01-27,294.8764953613281,119.32102966308594
2020-01-28,297.966552734375,118.38665008544922
2020-01-29,297.7204895019531,119.5443344116211
2020-01-30,298.6866455078125,119.56087493896484
2020-01-31,293.2630920410156,120.65239715576172
2020-02-03,295.441650390625,120.55471801757812
2020-02-04,299.944580078125,118.93122100830078
2020-02-05,303.4082336425781,117.6307373046875
2020-02-06,304.4292297363281,118.16082000732422
2020-02-07,302.8067321777344,119.63520050048828
2020-02-10,305.0672912597656,119.96663665771484
2020-02-11,305.5959777832031,119.36194610595703
2020-02-12,307.5649108886719,118.75720977783203
2020-02-13,307.23675537109375,119.21281433105469
2020-02-14,307.7289733886719,119.73466491699219
2020-02-18,306.9359130859375,120.55471801757812
2020-02-19,308.4033508300781,120.54640197753906
2020-02-20,307.1365051269531,121.4906997680664
2020-02-21,303.9734802246094,122.62553405761719
2020-02-24,293.8920593261719,124.45614624023438
2020-02-25,284.98651123046875,125.11875915527344
2020-02-26,283.93829345703125,124.45614624023438
2020-02-27,271.1861877441406,125.80634307861328
2020-02-28,270.0466613769531,128.64743041992188
2020-03-02,281.74151611328125,127.70088958740234
2020-03-03,273.674560546875,129.6835174560547
2020-03-04,285.1779479980469,128.3065948486328
2020-03-05,275.69818115234375,131.50025939941406
2020-03-06,271.1404724121094,138.34405517578125
2020-03-09,249.96591186523438,142.09365844726562
2020-03-10,262.9004211425781,134.81019592285156
2020-03-11,250.08448791503906,129.84947204589844
2020-03-12,226.15708923339844,130.6541290283203
2020-03-13,245.49041748046875,127.70088958740234
2020-03-16,218.62789916992188,135.9715576171875
2020-03-17,230.43211364746094,126.90457916259766
2020-03-18,218.76461791992188,119.74556732177734
2020-03-19,219.2294921875,123.00569915771484
2020-03-20,209.78199768066406,132.25515747070312
2020-03-23,204.418212890625,137.705322265625
2020-03-24,222.939208984375,135.14205932617188
2020-03-25,226.276611328125,134.8350830078125
2020-03-26,239.48892211914062,135.49871826171875
2020-03-27,232.3555450439453,139.1155242919922
2020-03-30,239.9014434814453,137.97080993652344
2020-03-31,236.32565307617188,136.85084533691406
2020-04-01,225.6898193359375,138.7682647705078
2020-04-02,230.89772033691406,139.64886474609375
2020-04-03,227.56027221679688,139.9811248779297
2020-04-06,242.8446807861328,139.61566162109375
2020-04-07,243.0922393798828,138.15342712402344
2020-04-08,251.25244140625,137.14825439453125
2020-04-09,255.0757598876953,137.39755249023438
2020-04-13,252.7469940185547,136.14309692382812
2020-04-14,260.2012023925781,136.10984802246094
2020-04-15,254.67237854003906,139.71533203125
2020-04-16,255.9010009765625,141.302001953125
2020-04-17,262.8143005371094,139.40794372558594
2020-04-20,258.18402099609375,140.52943420410156
2020-04-21,250.34475708007812,142.2989959716797
2020-04-22,255.9010009765625,140.84512329101562
2020-04-23,255.8826446533203,141.59275817871094
2020-04-24,259.4493408203125,141.9251251220703
2020-04-27,263.190185546875,139.28330993652344
2020-04-28,261.97998046875,140.8866729736328
2020-04-29,268.83819580078125,140.1555938720703
2020-04-30,266.3351135253906,138.51902770996094
2020-05-01,259.2843322753906,139.7051544189453
2020-05-04,259.9994812011719,139.048095703125
2020-05-05,262.4017028808594,138.1580352783203
2020-05-06,260.6229248046875,135.92872619628906
2020-05-07,263.767822265625,138.1995849609375
2020-05-08,268.1321105957031,136.40281677246094
2020-05-11,268.1871643066406,135.33810424804688
2020-05-12,262.84185791015625,136.7272491455078
2020-05-13,258.1931457519531,137.68386840820312
2020-05-14,261.2830810546875,139.0314178466797
2020-05-15,262.4842224121094,138.6737060546875
2020-05-18,270.47943115234375,135.6292724609375
2020-05-19,267.70123291015625,136.13668823242188
2020-05-20,272.24896240234375,136.5442657470703
2020-05-21,270.36944580078125,136.88539123535156
2020-05-22,270.88287353515625,137.70884704589844
2020-05-26,274.22027587890625,135.8622589111328
2020-05-27,278.3004455566406,135.6126708984375
2020-05-28,277.7869567871094,135.1134796142578
2020-05-29,279.02471923828125,136.07843017578125
2020-06-01,280.15240478515625,135.16226196289062
2020-06-02,282.4721374511719,134.6708984375
2020-06-03,286.23138427734375,132.88009643554688
2020-06-04,285.47955322265625,130.95620727539062
2020-06-05,292.79620361328125,130.0232391357422
2020-06-08,296.33538818359375,130.5230255126953
2020-06-09,294.1257629394531,132.00563049316406
2020-06-10,292.48443603515625,133.96295166015625
2020-06-11,275.6230773925781,136.494873046875
2020-06-12,278.9239196777344,135.17892456054688
2020-06-15,281.52777099609375,135.25390625
2020-06-16,286.9465026855469,133.17999267578125
2020-06-17,285.75457763671875,133.72964477539062
2020-06-18,285.8645935058594,135.14564514160156
2020-06-19,284.23101806640625,135.25390625
2020-06-22,286.05426025390625,135.27052307128906
2020-06-23,287.3712158203125,134.3460235595703
2020-06-24,280.0407409667969,135.78689575195312
2020-06-25,283.04302978515625,136.17837524414062
2020-06-26,276.3203430175781,137.63597106933594
2020-06-29,280.3815002441406,137.20285034179688
2020-06-30,283.9731140136719,136.53652954101562
2020-07-01,285.9623107910156,136.27133178710938
2020-07-02,287.5370178222656,136.4130859375
2020-07-06,291.9757995605469,135.85446166992188
2020-07-07,288.96441650390625,137.76405334472656
2020-07-08,291.17462158203125,137.21363830566406
2020-07-09,289.51702880859375,139.39845275878906
2020-07-10,292.47308349609375,138.69798278808594
2020-07-13,289.94061279296875,139.15663146972656
2020-07-14,293.6979675292969,139.35671997070312
2020-07-15,296.3961486816406,138.70628356933594
2020-07-16,295.4200744628906,139.36508178710938
2020-07-17,296.2764587402344,139.0731964111328
2020-07-20,298.6708679199219,139.41510009765625
2020-07-21,299.3063659667969,139.4984130859375
2020-07-22,301.0099792480469,139.9153594970703
2020-07-23,297.41845703125,141.54978942871094
2020-07-24,295.5029296875,141.54141235351562
2020-07-27,297.65789794921875,141.01617431640625
2020-07-28,295.76995849609375,141.99169921875
2020-07-29,299.40765380859375,141.74993896484375
2020-07-30,298.3393859863281,142.6838836669922
2020-07-31,300.6968688964844,142.59213256835938
2020-08-03,302.7874450683594,141.87423706054688
2020-08-04,303.9568786621094,143.2265625
2020-08-05,305.8448181152344,141.97439575195312
2020-08-06,307.8892517089844,142.76739501953125
2020-08-07,308.1102294921875,141.81568908691406
2020-08-10,309.03118896484375,141.1813201904297
2020-08-11,306.4801330566406,139.50338745117188
2020-08-12,310.75323486328125,138.2345428466797
2020-08-13,310.1914978027344,136.7569122314453
2020-08-14,310.2007141113281,136.22256469726562
2020-08-17,311.1860656738281,136.56483459472656
2020-08-18,311.8583679199219,137.54159545898438
2020-08-19,310.5598449707031,136.68174743652344
2020-08-20,311.5267333984375,137.9172821044922
2020-08-21,312.6319274902344,138.7437286376953
2020-08-24,315.79986572265625,138.518310546875
2020-08-25,316.9049377441406,137.4581298828125
2020-08-26,320.0821228027344,136.93223571777344
2020-08-27,320.7820129394531,134.60308837890625
2020-08-28,322.8540344238281,134.50289916992188
2020-08-31,321.68450927734375,135.39617919921875
2020-09-01,324.71435546875,136.9447479248047
2020-09-02,329.4110412597656,138.24850463867188
2020-09-03,318.0745544433594,138.64132690429688
2020-09-04,315.4775390625,136.0087890625
2020-09-08,306.8578186035156,136.84449768066406
2020-09-09,312.9173889160156,136.47677612304688
2020-09-10,307.4840393066406,137.17041015625
2020-09-11,307.6405944824219,137.46292114257812
2020-09-14,311.6925964355469,137.45460510253906
2020-09-15,313.2673645019531,137.12030029296875
2020-09-16,312.02410888671875,136.7107696533203
2020-09-17,309.27972412109375,137.12863159179688
2020-09-18,305.7191467285156,136.70237731933594
2020-09-21,302.3166809082031,137.3960723876953
2020-09-22,305.3955078125,137.28741455078125
2020-09-23,298.3131103515625,137.47129821777344
2020-09-24,299.10821533203125,137.99781799316406
2020-09-25,303.9438171386719,137.99781799316406
2020-09-28,308.9923095703125,137.60499572753906
2020-09-29,307.30950927734375,137.76380920410156
2020-09-30,309.63946533203125,136.4432830810547
2020-10-01,311.6273498535156,136.6683807373047
2020-10-02,308.6686706542969,136.15806579589844
2020-10-05,314.1422424316406,133.49761962890625
2020-10-06,309.676513671875,134.2170867919922
2020-10-07,315.06689453125,133.23828125
2020-10-08,317.85919189453125,133.957763671875
2020-10-09,320.6976623535156,133.93267822265625
2020-10-12,325.8570251464844,134.3592987060547
2020-10-13,323.73040771484375,135.32147216796875
2020-10-14,321.6962890625,135.6309814453125
2020-10-15,321.2987365722656,135.3967742919922
2020-10-16,321.1045227050781,135.02032470703125
2020-10-19,316.2226257324219,134.50994873046875
2020-10-20,317.4893493652344,133.22991943359375
2020-10-21,316.8883361816406,132.76974487304688
2020-10-22,318.6265869140625,131.3894805908203
2020-10-23,319.7084045410156,132.19247436523438
2020-10-26,313.80023193359375,133.4222412109375
2020-10-27,312.7183532714844,134.31756591796875
2020-10-28,302.030029296875,134.44297790527344
2020-10-29,305.0997009277344,133.1378936767578
2020-10-30,301.91900634765625,131.82444763183594
2020-11-02,305.3031005859375,132.81187438964844
2020-11-03,310.6934509277344,132.0413055419922
2020-11-04,317.63726806640625,134.9056396484375
2020-11-05,323.83203125,135.14013671875
2020-11-06,323.758056640625,133.50698852539062
2020-11-09,327.8263854980469,130.7012939453125
2020-11-10,327.3455810546875,129.9475555419922
2020-11-11,329.7772521972656,130.4165802001953
2020-11-12,326.5781555175781,132.6359405517578
2020-11-13,331.0995178222656,132.4601287841797
2020-11-16,335.2324523925781,132.14186096191406
2020-11-17,333.4294128417969,133.00448608398438
2020-11-18,329.4166564941406,133.3897705078125
2020-11-19,330.8036193847656,134.07647705078125
2020-11-20,328.538330078125,135.26571655273438
2020-11-23,330.5076904296875,134.64593505859375
2020-11-24,335.83343505859375,133.3059844970703
2020-11-25,335.3155822753906,132.8956298828125
2020-11-27,336.24951171875,134.18531799316406
2020-11-30,334.7608337402344,134.01780700683594
2020-12-01,338.42236328125,132.04177856445312
2020-12-02,339.13421630859375,130.99386596679688
2020-12-03,339.0417785644531,132.0501708984375
2020-12-04,341.9635314941406,130.11361694335938
2020-12-07,341.2608642578125,131.28729248046875
2020-12-08,342.2593688964844,131.90765380859375
2020-12-09,339.1896667480469,131.4717559814453
2020-12-10,339.07879638671875,132.63702392578125
2020-12-11,338.68121337890625,133.10653686523438
2020-12-14,337.1649169921875,132.73765563964844
2020-12-15,341.72308349609375,132.29336547851562
2020-12-16,342.2593688964844,131.94117736816406
2020-12-17,344.17327880859375,131.5921630859375
2020-12-18,342.7990417480469,131.19772338867188
2020-12-21,341.5733337402344,131.71803283691406
2020-12-22,340.9977111816406,132.39776611328125
2020-12-23,341.30413818359375,131.48301696777344
2020-12-24,342.63189697265625,132.0033416748047
2020-12-28,345.5754089355469,132.0620880126953
2020-12-29,344.9161376953125,131.89425659179688
2020-12-30,345.40826416015625,132.17955017089844
2020-12-31,347.1631774902344,132.37257385253906
2021-01-04,342.4369812011719,132.2130889892578
2021-01-05,344.79547119140625,131.23126220703125
2021-01-06,346.8567810058594,128.5372772216797
2021-01-07,352.01019287109375,127.40433502197266
2021-01-08,354.0157775878906,126.99310302734375
2021-01-11,351.6295471191406,126.78326416015625
2021-01-12,351.70379638671875,126.6826171875
2021-01-13,352.65093994140625,128.10934448242188
2021-01-14,351.4158935546875,126.9092025756836
2021-01-15,348.85308837890625,127.41270446777344
2021-01-19,351.5923767089844,127.82388305664062
2021-01-20,356.45794677734375,127.94981384277344
2021-01-21,356.78289794921875,127.05184936523438
2021-01-22,355.52008056640625,127.46302795410156
2021-01-25,356.9222106933594,128.96531677246094
2021-01-26,356.3650817871094,128.7218780517578
2021-01-27,347.6552734375,129.0492401123047
2021-01-28,350.6452941894531,128.3358917236328
2021-01-29,343.6254577636719,127.56375885009766
2021-02-01,349.3453369140625,127.71163177490234
2021-02-02,354.28509521484375,126.88827514648438
2021-02-03,354.56365966796875,125.7623519897461
2021-02-04,358.5935363769531,125.42633819580078
2021-02-05,360.00494384765625,124.37601470947266
2021-02-08,362.6048278808594,124.92213439941406
2021-02-09,362.3634338378906,125.0146255493164
2021-02-10,362.2055969238281,125.84644317626953
2021-02-11,362.79058837890625,125.15744018554688
2021-02-12,364.5826110839844,123.60304260253906
2021-02-16,364.2669372558594,121.72095489501953
2021-02-17,364.35052490234375,122.49396514892578
2021-02-18,362.7999267578125,121.99829864501953
2021-02-19,362.1592102050781,120.37667083740234
2021-02-22,359.37353515625,119.4608154296875
2021-02-23,359.8099365234375,119.1163558959961
2021-02-24,363.7748107910156,118.3349380493164
2021-02-25,355.0093994140625,116.4024658203125
2021-02-26,353.1800537109375,120.25056457519531
2021-03-01,361.7413024902344,118.66236877441406
2021-03-02,358.9186096191406,118.67081451416016
2021-03-03,354.1644287109375,117.38374328613281
2021-03-04,349.7817687988281,116.6265869140625
2021-03-05,356.21649169921875,116.85374450683594
2021-03-08,354.44305419921875,115.94528198242188
2021-03-09,359.5035400390625,117.55194091796875
2021-03-10,361.7413024902344,117.78752136230469
2021-03-11,365.4090576171875,116.9378890991211
2021-03-12,365.9012145996094,114.45630645751953
2021-03-15,368.0832824707031,115.12925720214844
2021-03-16,367.6189880371094,114.66661071777344
2021-03-17,368.87249755859375,113.80850982666016
2021-03-18,363.5055847167969,112.65609741210938
2021-03-19,362.83294677734375,113.35430145263672
2021-03-22,365.7301330566406,114.6245346069336
2021-03-23,362.8515930175781,115.65926361083984
2021-03-24,361.0069885253906,116.28170776367188
2021-03-25,363.03790283203125,115.36477661132812
2021-03-26,368.8882751464844,114.96104431152344
2021-03-29,368.7019348144531,113.9852294921875
2021-03-30,367.7237854003906,114.58252716064453
2021-03-31,369.2142333984375,113.94314575195312
2021-04-01,373.2013854980469,115.83429718017578
2021-04-05,378.55804443359375,115.32884979248047
2021-04-06,378.3345031738281,116.11225891113281
2021-04-07,378.7723083496094,115.30354309082031
2021-04-08,380.5703125,116.25546264648438
2021-04-09,383.3370666503906,115.83429718017578
2021-04-12,383.4767761230469,115.78372955322266
2021-04-13,384.6133728027344,116.65135192871094
2021-04-14,383.2997741699219,116.2807388305664
2021-04-15,387.4174499511719,118.22659301757812
2021-04-16,388.7123107910156,117.3084487915039
2021-04-19,386.8026123046875,116.9714584350586
2021-04-20,383.9706115722656,117.51054382324219
2021-04-21,387.6036682128906,117.74644470214844
2021-04-22,384.063720703125,118.26029968261719
2021-04-23,388.2278747558594,117.9823226928711
2021-04-26,389.03839111328125,117.81387329101562
2021-04-27,388.9544982910156,116.78608703613281
2021-04-28,388.84271240234375,116.86193084716797
2021-04-29,391.3207092285156,116.51663208007812
2021-04-30,388.74957275390625,116.78608703613281
2021-05-03,389.5880432128906,116.85619354248047
2021-05-04,387.18450927734375,117.6491928100586
2021-05-05,387.30560302734375,117.84315490722656
2021-05-06,390.39849853515625,118.03721618652344
2021-05-07,393.2397766113281,117.45518493652344
2021-05-10,389.34576416015625,116.26566314697266
2021-05-11,385.8710021972656,115.60762786865234
2021-05-12,377.673095703125,114.39282989501953
2021-05-13,382.2098693847656,114.56998443603516
2021-05-14,388.0787658691406,115.641357421875
2021-05-17,387.0913391113281,115.39673614501953
2021-05-18,383.75628662109375,115.1014404296875
2021-05-19,382.7501525878906,114.82310485839844
2021-05-20,386.86773681640625,115.76788330078125
2021-05-21,386.55108642578125,116.13909912109375
2021-05-24,390.4916687011719,116.56936645507812
2021-05-25,389.6252746582031,117.6491928100586
2021-05-26,390.39849853515625,117.44672393798828
2021-05-27,390.6034851074219,116.97425842285156
2021-05-28,391.3021545410156,116.7886962890625
2021-06-01,390.9574279785156,116.76248931884766
2021-06-02,391.572265625,117.03282928466797
2021-06-03,390.1190185546875,116.59351348876953
2021-06-04,393.6868896484375,118.19022369384766
2021-06-07,393.30499267578125,117.82699584960938
2021-06-08,393.3888854980469,118.65483856201172
2021-06-09,392.8019714355469,119.70246124267578
2021-06-10,394.6278076171875,120.42058563232422
2021-06-11,395.2799987792969,120.22627258300781
2021-06-14,396.16497802734375,119.30541229248047
2021-06-15,395.43841552734375,119.1617660522461
2021-06-16,393.2304992675781,119.06038665771484
2021-06-17,393.1000671386719,120.84291076660156
2021-06-18,387.7969970703125,123.11551666259766
2021-06-21,393.3486022949219,121.05418395996094
2021-06-22,395.4516296386719,121.349853515625
2021-06-23,394.9749755859375,121.03726196289062
2021-06-24,397.31146240234375,121.2315902709961
2021-06-25,398.7227478027344,119.97276306152344
2021-06-28,399.52655029296875,121.20626068115234
2021-06-29,399.7415466308594,121.40899658203125
2021-06-30,400.07794189453125,121.94969177246094
2021-07-01,402.2930908203125,121.95648956298828
2021-07-02,405.3680725097656,122.69237518310547
2021-07-06,404.6296081542969,124.1304931640625
2021-07-07,406.0596923828125,125.23015594482422
2021-07-08,402.7510986328125,125.72076416015625
2021-07-09,407.0503234863281,123.95284271240234
2021-07-12,408.5083923339844,123.79200744628906
2021-07-13,407.1157531738281,122.8446273803711
2021-07-14,407.7232971191406,124.24044036865234
2021-07-15,406.3306579589844,125.61083221435547
2021-07-16,403.1436462402344,125.37398529052734
2021-07-19,397.19000244140625,128.12319946289062
2021-07-20,402.8819580078125,126.88815307617188
2021-07-21,406.1436767578125,125.28091430664062
2021-07-22,406.9942626953125,126.46516418457031
2021-07-23,411.181396484375,125.6192855834961
2021-07-26,412.19085693359375,125.24707794189453
2021-07-27,410.312255859375,126.58363342285156
2021-07-28,410.1439514160156,126.592041015625
2021-07-29,411.8450622558594,125.88997650146484
2021-07-30,409.8450012207031,126.48212432861328
2021-08-02,408.98504638671875,127.61028289794922
2021-08-03,412.3124084472656,127.67808532714844
2021-08-04,410.2842102050781,127.94055938720703
2021-08-05,412.8824768066406,127.2884521484375
2021-08-06,413.5647277832031,125.16258239746094
2021-08-09,413.22821044921875,124.71369171142578
2021-08-10,413.7423095703125,124.13778686523438
2021-08-11,414.7705078125,124.06153106689453
2021-08-12,416.0133972167969,123.85824584960938
2021-08-13,416.77056884765625,125.81468963623047
2021-08-16,417.75189208984375,126.11962127685547
2021-08-17,415.0135192871094,126.0688705444336
2021-08-18,410.47119140625,126.49231719970703
2021-08-19,411.106689453125,127.42393493652344
2021-08-20,414.37786865234375,127.50858306884766
2021-08-23,418.0229187011719,127.42393493652344
2021-08-24,418.68658447265625,126.43302154541016
2021-08-25,419.56512451171875,125.38279724121094
2021-08-26,417.08831787109375,125.73004913330078
2021-08-27,420.8175048828125,126.58551025390625
2021-08-30,422.66815185546875,126.915771484375
2021-08-31,422.0419006347656,126.0519027709961
2021-09-01,422.2661437988281,126.26304626464844
2021-09-02,423.5652770996094,126.81422424316406
2021-09-03,423.4624328613281,125.66089630126953
2021-09-07,421.9483947753906,124.60090637207031
2021-09-08,421.4344177246094,125.44888305664062
2021-09-09,419.63055419921875,126.96687316894531
2021-09-10,416.3218994140625,125.84750366210938
2021-09-13,417.38739013671875,126.61073303222656
2021-09-14,415.1349792480469,128.1456756591797
2021-09-15,418.6024475097656,127.6961441040039
2021-09-16,417.9388122558594,127.11102294921875
2021-09-17,413.8676452636719,126.50048065185547
2021-09-20,406.9667663574219,128.06936645507812
2021-09-21,406.58233642578125,127.95906829833984
2021-09-22,410.5484619140625,128.72227478027344
2021-09-23,415.5365905761719,125.81356811523438
2021-09-24,416.22113037109375,124.58390045166016
2021-09-27,415.03033447265625,124.12598419189453
2021-09-28,406.666748046875,122.19248962402344
2021-09-29,407.3511962890625,122.4045181274414
2021-09-30,402.3724365234375,122.38754272460938
2021-10-01,407.1542663574219,123.41749572753906
2021-10-04,401.9035339355469,123.10333251953125
2021-10-05,406.0854187011719,121.91462707519531
2021-10-06,407.77313232421875,122.60236358642578
2021-10-07,411.29864501953125,121.32018280029297
2021-10-08,410.5484619140625,120.47119903564453
2021-10-11,407.5762634277344,120.16546630859375
2021-10-12,406.572998046875,122.22026824951172
2021-10-13,408.03564453125,123.40897369384766
2021-10-14,414.8990478515625,123.86756134033203
2021-10-15,418.058837890625,123.1457748413086
2021-10-18,419.2965087890625,123.72319030761719
2021-10-19,422.53131103515625,122.0164566040039
2021-10-20,424.19085693359375,121.19283294677734
2021-10-21,425.29736328125,121.04850769042969
2021-10-22,424.8565979003906,122.38163757324219
2021-10-25,427.13507080078125,122.1948013305664
2021-10-26,427.51947021484375,123.2052230834961
2021-10-27,425.6255187988281,125.44682312011719
2021-10-28,429.7322998046875,125.02227783203125
2021-10-29,430.6042175292969,125.40447235107422
2021-11-01,431.344970703125,124.50147247314453
2021-11-02,433.0888977050781,125.05415344238281
2021-11-03,435.73309326171875,123.7618408203125
2021-11-04,437.7864990234375,125.06256866455078
2021-11-05,439.305419921875,126.9330825805664
2021-11-08,439.6804504394531,126.69500732421875
2021-11-09,438.2271728515625,128.34434509277344
2021-11-10,434.7016906738281,125.99783325195312
2021-11-11,434.8423156738281,125.81085968017578
2021-11-12,438.1239929199219,125.25818634033203
2021-11-15,438.2740783691406,123.68538665771484
2021-11-16,440.0086975097656,123.37077331542969
2021-11-17,438.9397277832031,124.34846496582031
2021-11-18,440.43060302734375,124.8160400390625
2021-11-19,439.6429748535156,126.13386535644531
2021-11-22,438.4052734375,124.65451049804688
2021-11-23,438.98663330078125,122.85212707519531
2021-11-24,440.15869140625,124.8245620727539
2021-11-26,430.3417663574219,127.97879791259766
2021-11-29,435.62060546875,126.95004272460938
2021-11-30,427.1444091796875,128.87997436523438
2021-12-01,422.4000244140625,129.6750030517578
2021-12-02,428.86968994140625,129.83673095703125
2021-12-03,425.1379089355469,131.385986328125
2021-12-06,430.173095703125,129.58139038085938
2021-12-07,439.0710754394531,128.5343780517578
2021-12-08,440.23370361328125,126.3127212524414
2021-12-09,437.261474609375,127.01921844482422
2021-12-10,441.37762451171875,126.71275329589844
2021-12-13,437.46771240234375,128.58544921875
2021-12-14,434.4578857421875,128.27899169921875
2021-12-15,441.2463684082031,127.04473876953125
2021-12-16,437.3551940917969,127.09412384033203
2021-12-17,432.7004089355469,128.53436279296875
2021-12-20,428.099365234375,127.57140350341797
2021-12-21,435.7020263671875,127.08557891845703
2021-12-22,440.05841064453125,127.67363739013672
2021-12-23,442.79656982421875,126.56586456298828
2021-12-27,449.06298828125,126.87261962890625
2021-12-28,448.6960754394531,126.369873046875
2021-12-29,449.27008056640625,124.98926544189453
2021-12-30,448.028076171875,126.03749084472656
2021-12-31,446.8989562988281,126.28463745117188
2022-01-03,449.4864501953125,122.96963500976562
2022-01-04,449.3358459472656,122.45832061767578
2022-01-05,440.7076721191406,121.79361724853516
2022-01-06,440.2936706542969,122.1088638305664
2022-01-07,438.55291748046875,121.23113250732422
2022-01-10,438.00732421875,121.52942657470703
2022-01-11,441.9966125488281,122.33901977539062
2022-01-12,443.1917419433594,121.87028503417969
2022-01-13,437.0851135253906,122.95252990722656
2022-01-14,437.263916015625,121.09481811523438
2022-01-18,429.5201110839844,119.39044952392578
2022-01-19,425.0601501464844,120.21705627441406
2022-01-20,420.3555603027344,120.9584732055664
2022-01-21,412.1037292480469,122.39866638183594
2022-01-24,413.8538818359375,121.39305877685547
2022-01-25,408.8011169433594,121.19707489013672
2022-01-26,407.7755126953125,119.73133087158203
2022-01-27,405.7619934082031,121.93000030517578
2022-01-28,415.83917236328125,121.97254943847656
2022-01-31,423.328857421875,121.34195709228516
2022-02-01,426.18927001953125,120.93919372558594
2022-02-02,430.3293151855469,121.34879302978516
2022-02-03,420.2145080566406,120.40157318115234
2022-02-04,422.1904296875,118.62652587890625
2022-02-07,420.8354797363281,118.70332336425781
2022-02-08,424.29803466796875,117.90970611572266
2022-02-09,430.50811767578125,118.131591796875
2022-02-10,422.7737731933594,116.25416564941406
2022-02-11,414.4371337890625,117.97798156738281
2022-02-14,413.0823059082031,116.51020050048828
2022-02-15,419.74395751953125,115.1875
2022-02-16,420.2145080566406,115.87017059326172
2022-02-17,411.2380676269531,116.73204803466797
2022-02-18,408.5753173828125,117.9609146118164
2022-02-22,404.19073486328125,118.26811218261719
2022-02-23,397.02081298828125,116.63817596435547
2022-02-24,402.9956970214844,116.71501922607422
2022-02-25,411.8872985839844,116.80030822753906
2022-02-28,410.83355712890625,119.3604507446289
2022-03-01,404.5763854980469,120.74052429199219
2022-03-02,412.0190734863281,116.61323547363281
2022-03-03,409.9677734375,117.80098724365234
2022-03-04,406.63702392578125,119.834716796875
2022-03-07,394.6496887207031,118.92035675048828
2022-03-08,391.6575012207031,117.72407531738281
2022-03-09,402.1582336425781,116.57047271728516
2022-03-10,400.34222412109375,114.89571380615234
2022-03-11,395.2518310546875,115.28022766113281
2022-03-14,392.3631591796875,112.58853912353516
2022-03-15,400.99151611328125,112.39198303222656
2022-03-16,409.8831787109375,113.49433898925781
2022-03-17,415.01123046875,112.64834594726562
2022-03-18,419.5567321777344,114.02412414550781
2022-03-21,419.43402099609375,111.38371276855469
2022-03-22,424.342041015625,109.95668029785156
2022-03-23,418.8770751953125,112.36637878417969
2022-03-24,425.1914367675781,111.48625183105469
2022-03-25,427.2678527832031,109.93961334228516
2022-03-28,430.3070983886719,110.8795394897461
2022-03-29,435.6303405761719,111.71697235107422
2022-03-30,432.9403991699219,112.58853912353516
2022-03-31,426.27685546875,112.86199951171875
2022-04-01,427.4849853515625,113.2916259765625
2022-04-04,431.14703369140625,112.5042724609375
2022-04-05,425.70111083984375,109.96248626708984
2022-04-06,421.4443359375,109.07247161865234
2022-04-07,423.5680236816406,108.25091552734375
2022-04-08,422.4354553222656,107.07846069335938
2022-04-11,415.2150573730469,105.38395690917969
2022-04-12,413.6765441894531,105.23846435546875
2022-04-13,418.4146423339844,105.45240020751953
2022-04-14,413.2047119140625,103.33856964111328
2022-04-18,413.3746032714844,102.82508087158203
2022-04-19,420.0474853515625,102.05487823486328
2022-04-20,419.7359619140625,104.10882568359375
2022-04-21,413.45947265625,103.33856964111328
2022-04-22,402.11456298828125,102.68815612792969
2022-04-25,404.4458923339844,103.71513366699219
2022-04-26,392.7327575683594,104.7592544555664
2022-04-27,393.8370361328125,103.41559600830078
2022-04-28,403.7851257324219,103.56964111328125
2022-04-29,388.86297607421875,102.22603607177734
2022-05-02,391.2037048339844,100.45404815673828
2022-05-03,392.9969787597656,101.13129425048828
2022-05-04,404.9649658203125,101.68851470947266
2022-05-05,390.57135009765625,98.90241241455078
2022-05-06,388.2400207519531,97.44507598876953
2022-05-09,375.8096923828125,98.30232238769531
2022-05-10,376.677978515625,99.19389343261719
2022-05-11,370.6940612792969,101.1055679321289
2022-05-12,370.3070983886719,100.91700744628906
2022-05-13,379.1603088378906,99.42534637451172
2022-05-16,377.6217956542969,99.32249450683594
2022-05-17,385.3896179199219,98.12232208251953
2022-05-18,369.85400390625,100.21401977539062
2022-05-19,367.5887756347656,100.45404815673828
2022-05-20,367.74920654296875,101.59419250488281
2022-05-23,374.62994384765625,99.92256164550781
2022-05-24,371.7699890136719,101.894287109375
2022-05-25,375.0545349121094,102.29717254638672
2022-05-26,382.5486755371094,101.83427429199219
2022-05-27,391.9399108886719,102.08287048339844
2022-05-31,389.74078369140625,99.92256164550781
2022-06-01,386.5883483886719,99.8083267211914
2022-06-02,393.9502868652344,99.8598861694336
2022-06-03,387.4849548339844,99.64517211914062
2022-06-06,388.664794921875,97.80738067626953
2022-06-07,392.3929443359375,98.86369323730469
2022-06-08,388.1267395019531,97.98771667480469
2022-06-09,378.89599609375,98.31404113769531
2022-06-10,367.90966796875,97.70429992675781
2022-06-13,353.94085693359375,94.63845825195312
2022-06-14,352.874267578125,93.44475555419922
2022-06-15,357.9049987792969,95.18805694580078
2022-06-16,346.0597229003906,95.94378662109375
2022-06-17,346.80572509765625,96.25297546386719
2022-06-21,355.5361328125,94.62126159667969
2022-06-22,354.89154052734375,97.223388671875
2022-06-23,358.37042236328125,98.02206420898438
2022-06-24,369.7643737792969,96.66515350341797
2022-06-27,368.3519287109375,95.84073638916016
2022-06-28,360.82550048828125,96.28731536865234
2022-06-29,360.5316162109375,97.79021453857422
2022-06-30,357.6025695800781,98.64897918701172
2022-07-01,361.3847351074219,99.66178894042969
2022-07-05,362.0672607421875,100.44481658935547
2022-07-06,363.29010009765625,98.75825500488281
2022-07-07,368.73114013671875,97.8891830444336
2022-07-08,368.4277648925781,96.80493927001953
2022-07-11,364.2190246582031,98.47428894042969
2022-07-12,360.99603271484375,99.05943298339844
2022-07-13,359.1002197265625,100.19527435302734
2022-07-14,358.2282409667969,99.3778076171875
2022-07-15,365.0721740722656,99.93711853027344
2022-07-18,362.0577697753906,98.89591217041016
2022-07-19,371.84033203125,98.36244201660156
2022-07-20,374.2101135253906,98.6205825805664
2022-07-21,378.020751953125,100.32437133789062
2022-07-22,374.5134582519531,102.01091003417969
2022-07-25,374.9684143066406,101.01275634765625
2022-07-26,370.5321350097656,101.09019470214844
2022-07-27,380.1535949707031,100.52227020263672
2022-07-28,384.9216003417969,101.3224868774414
2022-07-29,390.5333251953125,101.04716491699219
2022-08-01,389.3768005371094,103.48075103759766
2022-08-02,386.8079528808594,101.29113006591797
2022-08-03,392.8652038574219,102.88590240478516
2022-08-04,392.5997619628906,102.85143280029297
2022-08-05,391.9361877441406,100.40318298339844
2022-08-08,391.48114013671875,102.02384948730469
2022-08-09,389.9266052246094,101.62731170654297
2022-08-10,398.11663818359375,100.96354675292969
2022-08-11,398.11663818359375,98.61013793945312
2022-08-12,404.85638427734375,99.61013793945312
2022-08-15,406.5246276855469,99.5239028930664
2022-08-16,407.3209533691406,99.93771362304688
2022-08-17,404.4298400878906,98.8946304321289
2022-08-18,405.6051940917969,99.04116821289062
2022-08-19,400.1546325683594,97.44634246826172
2022-08-22,391.8224792480469,97.1187973022461
2022-08-23,390.87457275390625,96.58431243896484
2022-08-24,392.12579345703125,95.87742614746094
2022-08-25,397.6617126464844,97.21363067626953
2022-08-26,384.201171875,97.94636535644531
2022-08-29,381.6607666015625,97.13603210449219
2022-08-30,377.4709167480469,97.37742614746094
2022-08-31,374.5987548828125,96.4463882446289
2022-09-01,375.7741394042969,94.6806640625
2022-09-02,371.8118591308594,95.21621704101562
2022-09-06,370.408935546875,92.85784149169922
2022-09-07,377.0633850097656,94.32643127441406
2022-09-08,379.5279541015625,93.35890197753906
2022-09-09,385.42401123046875,93.56621551513672
2022-09-12,389.56640625,92.79736328125
2022-09-13,372.6271057128906,93.01333618164062
2022-09-14,374.0489807128906,93.33296966552734
2022-09-15,369.8023681640625,93.27253723144531
2022-09-16,366.9810791015625,92.49504089355469
2022-09-19,369.8269348144531,92.71100616455078
2022-09-20,365.5819091796875,91.78667449951172
2022-09-21,359.2048034667969,93.32433319091797
2022-09-22,356.1875305175781,90.94004821777344
2022-09-23,350.2195739746094,91.3115234375
2022-09-26,346.7550048828125,89.56648254394531
2022-09-27,345.869873046875,87.20812225341797
2022-09-28,352.67535400390625,90.12801361083984
2022-09-29,345.30828857421875,89.66148376464844
2022-09-30,339.9685974121094,88.50393676757812
2022-10-03,348.9442138671875,89.91020965576172
2022-10-04,359.7568664550781,89.65909576416016
2022-10-05,358.919189453125,88.80179595947266
2022-10-06,355.2166748046875,88.30821990966797
2022-10-07,345.30828857421875,87.450927734375
2022-10-10,342.6717529296875,86.09141540527344
2022-10-11,340.50164794921875,86.47246551513672
2022-10-12,339.3785400390625,86.89673614501953
2022-10-13,348.33502197265625,86.0654296875
2022-10-14,340.39697265625,85.3553695678711
2022-10-17,349.1441650390625,84.93971252441406
2022-10-18,353.24639892578125,85.13890075683594
2022-10-19,350.7431640625,83.58887481689453
2022-10-20,347.80206298828125,82.16006469726562
2022-10-21,356.254150390625,80.67933654785156
2022-10-24,360.6134033203125,80.0125503540039
2022-10-25,366.3719787597656,82.34190368652344
2022-10-26,363.61163330078125,83.52824401855469
2022-10-27,361.6700439453125,84.40287017822266
2022-10-28,370.2742919921875,83.82268524169922
2022-10-31,367.5997619628906,83.22516632080078
2022-11-01,365.99114990234375,84.0029525756836
2022-11-02,356.8062438964844,83.63837432861328
2022-11-03,353.1322021484375,83.18699645996094
2022-11-04,358.2148742675781,81.78939819335938
2022-11-07,361.6414794921875,80.97344207763672
2022-11-08,363.5926208496094,81.85885620117188
2022-11-09,356.101806640625,82.12793731689453
2022-11-10,375.671142578125,85.2877426147461
2022-11-11,379.3070983886719,84.97518157958984
2022-11-14,376.0804443359375,84.7668685913086
2022-11-15,379.28802490234375,86.13844299316406
2022-11-16,376.3945007324219,88.0221176147461
2022-11-17,375.24285888671875,87.0932846069336
2022-11-18,376.9465637207031,86.49432373046875
2022-11-21,375.57598876953125,86.85890197753906
2022-11-22,380.6300964355469,88.09159851074219
2022-11-23,383.0286865234375,89.62804412841797
2022-11-25,382.9429931640625,89.32423400878906
2022-11-28,376.8323669433594,89.57595825195312
2022-11-29,376.1851501464844,88.52559661865234
2022-11-30,388.0352478027344,89.17666625976562
2022-12-01,387.7496643066406,92.02549743652344
2022-12-02,387.3023376464844,93.1827392578125
2022-12-05,380.3350524902344,91.87754821777344
2022-12-06,374.85260009765625,93.06092834472656
2022-12-07,374.21484375,95.25366973876953
2022-12-08,377.14642333984375,94.99263763427734
2022-12-09,374.3291015625,92.52143859863281
2022-12-12,379.7258605957031,92.81726837158203
2022-12-13,382.6003112792969,93.71353149414062
2022-12-14,380.15423583984375,94.11380004882812
2022-12-15,370.85491943359375,94.48099517822266
2022-12-16,366.47662353515625,93.42560577392578
2022-12-19,363.3690490722656,91.85554504394531
2022-12-20,363.8662414550781,90.2244873046875
2022-12-21,369.306884765625,90.45124816894531
2022-12-22,364.038330078125,90.43383026123047
2022-12-23,366.13238525390625,89.10800170898438
2022-12-27,364.68853759765625,87.34609985351562
2022-12-28,360.1562194824219,86.83148193359375
2022-12-29,366.6391296386719,87.81710815429688
2022-12-30,365.6734619140625,86.84017181396484
2023-01-03,364.1339416503906,88.4974594116211
2023-01-04,366.94512939453125,89.70986938476562
2023-01-05,362.75701904296875,90.0849380493164
2023-01-06,371.07586669921875,91.7421646118164
2023-01-09,370.865478515625,92.23063659667969
2023-01-10,373.46630859375,90.7042007446289
2023-01-11,378.1897888183594,92.17829895019531
2023-01-12,379.56671142578125,93.99258422851562
2023-01-13,381.039306640625,93.11158752441406
2023-01-17,380.34124755859375,92.5097427368164
2023-01-18,374.3363952636719,94.75142669677734
2023-01-19,371.611328125,94.15828704833984
2023-01-20,378.5340576171875,92.63186645507812
2023-01-23,383.075927734375,92.19575500488281
2023-01-24,382.664794921875,93.52156066894531
2023-01-25,382.8082275390625,93.74834442138672
2023-01-26,387.01544189453125,93.31219482421875
2023-01-27,387.9046630859375,93.07669067382812
2023-01-30,383.0376892089844,92.73654174804688
2023-01-31,388.66961669921875,93.47793579101562
2023-02-01,392.80035400390625,94.60164642333984
2023-02-02,398.518310546875,94.72406768798828
2023-02-03,394.2824401855469,93.30742645263672
2023-02-06,391.8728942871094,92.6165542602539
2023-02-07,396.99798583984375,91.8732681274414
2023-02-08,392.65692138671875,92.31050109863281
2023-02-09,389.2528991699219,91.43602752685547
2023-02-10,390.1612854003906,90.41287231445312
2023-02-13,394.74139404296875,91.1736831665039
2023-02-14,394.5597229003906,90.96381378173828
2023-02-15,395.84100341796875,90.11553192138672
2023-02-16,390.3907470703125,88.83879852294922
2023-02-17,389.41552734375,89.52963256835938
2023-02-21,381.6034851074219,87.7894287109375
2023-02-22,381.0775451660156,88.59396362304688
2023-02-23,383.10467529296875,89.45967102050781
2023-02-24,379.0121154785156,88.29664611816406
2023-02-27,380.30303955078125,88.54145812988281
2023-02-28,378.8974914550781,88.9437484741211
2023-03-01,377.44403076171875,87.98820495605469
2023-03-02,380.3795166015625,87.2080078125
2023-03-03,386.4800109863281,89.32069396972656
2023-03-06,386.74774169921875,88.62814331054688
2023-03-07,380.8193359375,89.17166900634766
2023-03-08,381.4408874511719,89.25935363769531
2023-03-09,374.40338134765625,89.47850799560547
2023-03-10,369.0009460449219,92.56426239013672
2023-03-13,368.4750061035156,92.77464294433594
2023-03-14,374.5659484863281,91.24932861328125
2023-03-15,372.22332763671875,93.0113525390625
2023-03-16,378.7540283203125,92.28372955322266
2023-03-17,374.32537841796875,93.66883087158203
2023-03-20,377.9246826171875,92.84478759765625
2023-03-21,382.8870544433594,92.04705047607422
2023-03-22,376.3601989746094,93.27433776855469
2023-03-23,377.37762451171875,93.27433776855469
2023-03-24,379.8539733886719,93.66883087158203
2023-03-27,380.564208984375,91.46846771240234
2023-03-28,379.71002197265625,91.63501739501953
2023-03-29,385.2290344238281,91.45094299316406
2023-03-30,387.4847106933594,91.87173461914062
2023-03-31,392.9461669921875,93.24806213378906
2023-04-03,394.4434509277344,93.68659973144531
2023-04-04,392.2550354003906,94.15237426757812
2023-04-05,391.22802734375,95.13672637939453
2023-04-06,392.754150390625,95.38277435302734
2023-04-10,393.15728759765625,93.84477233886719
2023-04-11,393.26287841796875,94.03814697265625
2023-04-12,391.6598815917969,93.94146728515625
2023-04-13,396.86224365234375,93.2032241821289
2023-04-14,395.89276123046875,92.35071563720703
2023-04-17,397.3133544921875,91.25215148925781
2023-04-18,397.572509765625,91.5772933959961
2023-04-19,397.5053405761719,91.48943328857422
2023-04-20,395.3360595703125,92.2716293334961
2023-04-21,395.64324951171875,91.75308990478516
2023-04-24,396.05596923828125,92.64076232910156
2023-04-25,389.7689514160156,94.00296783447266
2023-04-26,388.1181640625,93.00109100341797
2023-04-27,395.8448486328125,92.07826232910156
2023-04-28,399.223388671875,93.56356048583984
2023-05-01,398.8203430175781,90.86569213867188
2023-05-02,394.33782958984375,93.13005065917969
2023-05-03,391.6311340332031,93.64990997314453
2023-05-04,388.85723876953125,92.72476959228516
2023-05-05,396.05596923828125,92.4164047241211
2023-05-08,396.16156005859375,91.1211929321289
2023-05-09,394.4241638183594,90.79521179199219
2023-05-10,396.26708984375,91.67630004882812
2023-05-11,395.5760498046875,92.64549255371094
2023-05-12,395.05767822265625,91.87010955810547
2023-05-15,396.42071533203125,90.91854095458984
2023-05-16,393.77154541015625,90.64543914794922
2023-05-17,398.55157470703125,90.38109588623047
2023-05-18,402.39093017578125,89.71147155761719
2023-05-19,401.8053283691406,89.07708740234375
2023-05-22,401.9685974121094,88.75990295410156
2023-05-23,397.45733642578125,89.01542663574219
2023-05-24,394.57781982421875,88.57488250732422
2023-05-25,397.9948425292969,88.35460662841797
2023-05-26,403.149169921875,89.06826782226562
2023-05-30,403.302734375,89.95817565917969
2023-05-31,401.0662841796875,90.74234771728516
2023-06-01,404.87689208984375,91.09835052490234
2023-06-02,410.7318115234375,90.10009765625
2023-06-05,409.9447937011719,89.9322509765625
2023-06-06,410.83740234375,90.46229553222656
2023-06-07,409.4169006347656,89.11949920654297
2023-06-08,411.8932800292969,90.16194152832031
2023-06-09,412.63232421875,90.03824615478516
2023-06-12,416.3757019042969,90.30327606201172
2023-06-13,419.1207275390625,89.4110336303711
2023-06-14,419.6199035644531,90.12657928466797
2023-06-15,424.8221435546875,90.99234771728516
2023-06-16,423.3751525878906,90.63896942138672
2023-06-20,421.17864990234375,91.26620483398438
2023-06-21,419.02056884765625,91.48705291748047
2023-06-22,420.5331726074219,90.38276672363281
2023-06-23,417.3538818359375,91.28385925292969
2023-06-26,415.64874267578125,91.38103485107422
2023-06-27,420.20562744140625,91.14253997802734
2023-06-28,420.41748046875,91.53123474121094
2023-06-29,422.0745544433594,89.87922668457031
2023-06-30,427.0552673339844,90.93933868408203
2023-07-03,427.54669189453125,90.42378997802734
2023-07-05,426.9107971191406,89.56454467773438
2023-07-06,423.5677795410156,88.29784393310547
2023-07-07,422.4984436035156,87.76636505126953
2023-07-10,423.5677795410156,87.88150787353516
2023-07-11,426.2652893066406,88.33328247070312
2023-07-12,429.6950378417969,89.31653594970703
2023-07-13,433.1054992675781,90.25550842285156
2023-07-14,432.8357238769531,89.72400665283203
2023-07-17,434.338623046875,89.76829528808594
2023-07-18,437.56610107421875,90.17578125
2023-07-19,438.5390930175781,91.19445037841797
2023-07-20,435.62957763671875,90.08719635009766
2023-07-21,435.62957763671875,90.11376953125
2023-07-24,437.57574462890625,89.7860107421875
2023-07-25,438.7702331542969,89.61769104003906
2023-07-26,438.837646484375,89.706298828125
2023-07-27,435.9282531738281,87.96122741699219
2023-07-28,440.19610595703125,88.41297912597656
2023-07-31,441.03424072265625,88.6256103515625
2023-08-01,439.7721862792969,87.17330169677734
2023-08-02,433.65460205078125,86.24063110351562
2023-08-03,432.4118347167969,84.25096130371094
2023-08-04,430.4561462402344,85.74320983886719
2023-08-07,434.2133483886719,84.89933776855469
2023-08-08,432.3251953125,85.88532257080078
2023-08-09,429.4349060058594,86.32945251464844
2023-08-10,429.5890808105469,84.90824127197266
2023-08-11,429.3385925292969,84.71282196044922
2023-08-14,431.7085266113281,84.52628326416016
2023-08-15,426.6795959472656,84.0111083984375
2023-08-16,423.548583984375,83.35379791259766
2023-08-17,420.3211364746094,82.99850463867188
2023-08-18,420.5234680175781,83.29161071777344
2023-08-21,423.259521484375,82.18130493164062
2023-08-22,422.11309814453125,82.81196594238281
2023-08-23,426.8144836425781,84.86380767822266
2023-08-24,420.8992004394531,84.30425262451172
2023-08-25,423.866455078125,84.57957458496094
2023-08-28,426.55438232421875,84.6684341430664
2023-08-29,432.7201232910156,85.54779815673828
2023-08-30,434.50238037109375,85.45895385742188
2023-08-31,433.8665771484375,85.8409194946289
2023-09-01,434.6758117675781,84.50366973876953
2023-09-05,432.7972412109375,83.31873321533203
2023-09-06,429.8877258300781,83.52363586425781
2023-09-07,428.56787109375,83.75528717041016
2023-09-08,429.21337890625,84.07601165771484
2023-09-11,432.0361022949219,83.47017669677734
2023-09-12,429.6661376953125,83.9512939453125
2023-09-13,430.1671447753906,83.93345642089844
2023-09-14,433.8761901855469,83.32764434814453
2023-09-15,428.648681640625,82.81980895996094
2023-09-18,428.90008544921875,83.29200744628906
2023-09-19,428.0106201171875,82.6772689819336
2023-09-20,424.0758361816406,82.9356460571289
2023-09-21,417.0664978027344,80.80634307861328
2023-09-22,416.12872314453125,81.45669555664062
2023-09-25,417.878662109375,79.45215606689453
2023-09-26,411.73944091796875,79.17595672607422
2023-09-27,411.90374755859375,78.7661361694336
2023-09-28,414.2917785644531,79.00668334960938
2023-09-29,413.2863464355469,79.01558685302734
2023-10-02,413.1219482421875,77.69285583496094
2023-10-03,407.59185791015625,76.02155303955078
2023-10-04,410.5599670410156,77.09406280517578
2023-10-05,410.40521240234375,76.70972442626953
2023-10-06,415.2779541015625,75.78024291992188
2023-10-09,417.9366455078125,77.55880737304688
2023-10-10,420.1119079589844,77.45155334472656
2023-10-11,421.832763671875,79.0692138671875
2023-10-12,419.26116943359375,76.92425537109375
2023-10-13,417.1728210449219,78.30060577392578
2023-10-16,421.56207275390625,77.04042053222656
2023-10-17,421.542724609375,76.19136047363281
2023-10-18,415.9256591796875,75.52105712890625
2023-10-19,412.2712097167969,73.97489929199219
2023-10-20,407.2051086425781,74.39495849609375
2023-10-23,406.4993896484375,75.28868103027344
2023-10-24,409.56414794921875,76.28075408935547
2023-10-25,403.6860046386719,74.58262634277344
2023-10-26,398.85205078125,75.72661590576172
2023-10-27,397.0440979003906,75.40487670898438
2023-10-30,401.7910461425781,75.06525421142578
2023-10-31,404.3145446777344,74.69881439208984
2023-11-01,408.6263732910156,76.3184585571289
2023-11-02,416.4573974609375,78.05827331542969
2023-11-03,420.2569580078125,78.58739471435547
2023-11-06,421.2237243652344,77.82511901855469
2023-11-07,422.4225158691406,78.9729995727539
2023-11-08,422.7319641113281,80.31822967529297
2023-11-09,419.4351501464844,78.4708023071289
2023-11-10,425.9803161621094,78.91024780273438
2023-11-13,425.5743103027344,78.73087310791016
2023-11-14,433.8307189941406,80.5155258178711
2023-11-15,434.74920654296875,79.38553619384766
2023-11-16,435.2809753417969,80.3720474243164
2023-11-17,435.82232666015625,80.74868774414062
2023-11-20,439.1771545410156,81.24193572998047
2023-11-21,438.22003173828125,81.20608520507812
2023-11-22,439.9118347167969,81.49303436279297
2023-11-24,440.1825866699219,80.53345489501953
2023-11-27,439.3898620605469,81.87867736816406
2023-11-28,439.82489013671875,82.04009246826172
2023-11-29,439.5155029296875,83.07141876220703
2023-11-30,441.2461242675781,82.11186218261719
2023-12-01,443.8564758300781,83.65834045410156
2023-12-04,441.5264587402344,83.32548522949219
2023-12-05,441.4394226074219,85.11578369140625
2023-12-06,439.6605529785156,86.24932098388672
2023-12-07,443.0153503417969,85.75452423095703
2023-12-08,444.9198913574219,85.05280303955078
2023-12-11,446.65045166015625,84.87287902832031
2023-12-12,448.6904296875,85.1247787475586
2023-12-13,454.8778991699219,87.12197875976562
2023-12-14,456.3377380371094,89.38829040527344
2023-12-15,455.58642578125,89.48755645751953
2023-12-18,458.149169921875,88.7745590209961
2023-12-19,460.93505859375,89.25291442871094
2023-12-20,454.5477600097656,89.85762023925781
2023-12-21,458.8578186035156,89.28900146484375
2023-12-22,459.7799072265625,88.88286590576172
2023-12-26,461.7213439941406,89.13558197021484
2023-12-27,462.5561828613281,90.71503448486328
2023-12-28,462.73089599609375,90.05615997314453
2023-12-29,461.3913269042969,89.2438735961914
2024-01-02,458.8092041015625,88.72942352294922
2024-01-03,455.0622863769531,89.09947204589844
2024-01-04,453.59649658203125,87.74566650390625
2024-01-05,454.2177429199219,86.90626525878906
2024-01-08,460.7021179199219,87.76371765136719
2024-01-09,460.00323486328125,87.2041244506836
2024-01-10,462.604736328125,86.79798126220703
2024-01-11,462.4008483886719,87.28536224365234
2024-01-12,462.72119140625,87.1138687133789
2024-01-16,461.02239990234375,85.57955169677734
2024-01-17,458.45977783203125,85.44412994384766
2024-01-18,462.5367431640625,84.64990997314453
2024-01-19,468.3028259277344,84.92069244384766
2024-01-22,469.29302978515625,85.42609405517578
2024-01-23,470.6616516113281,84.74919891357422
2024-01-24,471.1761779785156,84.25279998779297
2024-01-25,473.73883056640625,84.80333709716797
2024-01-26,473.1369934082031,84.640869140625
2024-01-29,476.88397216796875,85.61563110351562
2024-01-30,476.51507568359375,86.3918228149414
2024-01-31,468.7396545410156,87.2402114868164
2024-02-01,474.8746032714844,88.9515151977539
2024-02-02,479.8737487792969,86.98670196533203
2024-02-05,478.12646484375,85.23011016845703
2024-02-06,479.5146179199219,86.06316375732422
2024-02-07,483.51397705078125,85.64662170410156
2024-02-08,483.7275085449219,85.14865112304688
2024-02-09,486.523193359375,84.97660064697266
2024-02-12,486.3096618652344,85.0761947631836
2024-02-13,479.6116638183594,83.61842346191406
2024-02-14,483.97021484375,84.04399108886719
2024-02-15,487.30950927734375,84.47859954833984
2024-02-16,484.88275146484375,83.9896469116211
2024-02-20,482.21319580078125,84.06210327148438
2024-02-21,482.6499938964844,83.4645004272461
2024-02-22,492.638671875,83.87197875976562
2024-02-23,492.97845458984375,84.9947280883789
2024-02-26,491.1729431152344,84.74119567871094
2024-02-27,492.0853576660156,84.14358520507812
2024-02-28,491.4349670410156,84.67780303955078
2024-02-29,493.20172119140625,85.27538299560547
2024-03-01,497.8320007324219,85.8067626953125
2024-03-04,497.298095703125,85.46160888671875
2024-03-05,492.3280334472656,86.67870330810547
2024-03-06,494.82275390625,87.18733978271484
2024-03-07,499.7346496582031,87.1056137084961
2024-03-08,496.7351379394531,86.95120239257812
2024-03-11,496.3080139160156,86.90581512451172
2024-03-12,501.6470031738281,86.17916870117188
2024-03-13,500.86065673828125,85.76134490966797
2024-03-14,499.8705749511719,84.44430541992188
2024-03-15,496.4381103515625,84.41705322265625
2024-03-18,499.3885498046875,84.16273498535156
2024-03-19,502.1637268066406,84.39888763427734
2024-03-20,506.8084411621094,84.37164306640625
2024-03-21,508.4832763671875,84.55330657958984
2024-03-22,507.51922607421875,85.36170196533203
2024-03-25,506.1170349121094,84.9347915649414
2024-03-26,505.1822204589844,85.17095947265625
2024-03-27,509.42779541015625,86.01565551757812
2024-03-28,509.3304138183594,85.94300079345703
2024-04-01,508.44415283203125,84.34092712402344
2024-04-02,505.21148681640625,83.87615203857422
2024-04-03,505.7665100097656,83.85792541503906
2024-04-04,499.5930480957031,84.45939636230469
2024-04-05,504.81219482421875,83.2838134765625
2024-04-08,505.09454345703125,83.27470397949219
2024-04-09,505.6788024902344,84.04930114746094
2024-04-10,500.6154479980469,82.21760559082031
2024-04-11,504.39361572265625,81.84397888183594
2024-04-12,497.4313049316406,82.28138732910156
2024-04-15,491.199462890625,81.00555419921875
2024-04-16,490.30364990234375,80.46788787841797
2024-04-17,487.4018859863281,81.36097717285156
2024-04-18,486.39898681640625,80.95088958740234
2024-04-19,482.1534729003906,81.24250793457031
2024-04-22,486.59368896484375,81.1058120727539
2024-04-23,492.3678894042969,81.13314819335938
2024-04-24,492.13421630859375,80.55904388427734
2024-04-25,490.2646789550781,79.99401092529297
2024-04-26,494.909423828125,80.41321563720703
2024-04-29,496.6620788574219,81.08757019042969
2024-04-30,488.7943420410156,80.39498901367188
2024-05-01,487.2071838378906,80.98759460449219
2024-05-02,491.7641906738281,81.33509826660156
2024-05-03,497.8597412109375,82.15815734863281
2024-05-06,503.0011291503906,82.47821807861328
2024-05-07,503.55615234375,82.9811782836914
2024-05-08,503.6047058105469,82.47821807861328
2024-05-09,506.5064697265625,82.88058471679688
2024-05-10,507.1590576171875,82.41419219970703
2024-05-13,507.22705078125,82.62451171875
2024-05-14,509.55426025390625,83.09093475341797
2024-05-15,515.8640747070312,84.22488403320312
2024-05-16,514.8026733398438,84.1426010131836
2024-05-17,515.5427856445312,83.57560729980469
2024-05-20,516.1367797851562,83.32869720458984
2024-05-21,517.402587890625,83.75849151611328
2024-05-22,515.912841796875,83.85909271240234
2024-05-23,512.14453125,83.31954956054688
2024-05-24,515.5330200195312,83.56645965576172
2024-05-28,515.893310546875,82.36846923828125
2024-05-29,512.2807006835938,81.3716812133789
2024-05-30,508.8824462890625,82.15815734863281
2024-05-31,513.5173950195312,82.71598815917969
2024-06-03,513.9361572265625,84.05386352539062
2024-06-04,514.5106811523438,85.0357437133789
2024-06-05,520.6256103515625,85.65972137451172
2024-06-06,520.6159057617188,85.5312271118164
2024-06-07,519.9830322265625,83.96209716796875
2024-06-10,521.5896606445312,83.40237426757812
2024-06-11,522.845703125,84.2649154663086
2024-06-12,527.1398315429688,84.89808654785156
2024-06-13,528.2012329101562,86.14603424072266
2024-06-14,528.5225830078125,86.8709487915039
2024-06-17,532.7291259765625,86.00840759277344
2024-06-18,534.0825805664062,86.79753875732422
2024-06-20,532.6317749023438,86.21943664550781
2024-06-21,531.9176635742188,86.21943664550781
2024-06-24,530.1885986328125,86.56814575195312
2024-06-25,532.2303466796875,86.71495819091797
2024-06-26,532.8946533203125,85.4761962890625
2024-06-27,533.7347412109375,85.81568145751953
2024-06-28,531.6343383789062,84.21903991699219
2024-07-01,532.728515625,82.76549530029297
2024-07-02,536.3135986328125,83.40987396240234
2024-07-03,538.7070922851562,84.50531005859375
2024-07-05,541.8133544921875,85.20494079589844
2024-07-08,542.4386596679688,85.3890380859375
2024-07-09,542.9661254882812,85.01163482666016
2024-07-10,548.3389282226562,85.2785873413086
2024-07-11,543.61083984375,86.10707092285156
2024-07-12,547.0397338867188,86.47527313232422
2024-07-15,548.5441284179688,85.48111724853516
2024-07-16,551.7969970703125,86.6869888305664
2024-07-17,544.0602416992188,86.7054214477539
2024-07-18,539.8792114257812,86.04264068603516
2024-07-19,536.2940673828125,85.53633880615234
2024-07-22,541.8232421875,85.28779602050781
2024-07-23,540.9732666015625,85.16812133789062
2024-07-24,528.7135009765625,84.24757385253906
2024-07-25,525.9588012695312,84.93798065185547
2024-07-26,531.8493041992188,85.60075378417969
2024-07-29,532.1619262695312,86.06103515625
2024-07-30,529.4657592773438,86.3924331665039
2024-07-31,538.0719604492188,87.2761459350586
2024-08-01,530.452392578125,88.02887725830078
2024-08-02,520.5761108398438,90.77201080322266
2024-08-05,505.41510009765625,91.25228881835938
2024-08-06,510.0747375488281,89.21109771728516
2024-08-07,506.6654968261719,88.58304595947266
2024-08-08,518.378173828125,88.03811645507812
2024-08-09,520.6641235351562,88.90630340576172
2024-08-12,520.9376220703125,89.22958374023438
2024-08-13,529.5047607421875,89.84839630126953
2024-08-14,531.17529296875,90.41178131103516
2024-08-15,540.2797241210938,89.68212890625
2024-08-16,541.4910888671875,89.99617767333984
2024-08-19,546.66845703125,90.41178131103516
2024-08-20,545.779541015625,91.13218688964844
2024-08-21,547.6552124023438,91.18762969970703
2024-08-22,543.3568725585938,90.28246307373047
2024-08-23,549.1303100585938,90.87359619140625
2024-08-26,547.8212280273438,90.6426773071289
2024-08-27,548.5733642578125,90.48567962646484
2024-08-28,545.3888549804688,90.37486267089844
2024-08-29,545.4375610351562,90.07926940917969
2024-08-30,550.6443481445312,89.11872100830078
2024-09-03,539.3126831054688,90.57628631591797
2024-09-04,538.208740234375,91.74383544921875
2024-09-05,536.8997192382812,92.26274871826172
2024-09-06,527.8637084960938,92.25344848632812
2024-09-09,533.7737426757812,92.65190124511719
2024-09-10,536.0987548828125,93.300537109375
2024-09-11,541.5985107421875,93.22639465332031
2024-09-12,546.1605224609375,92.79090118408203
2024-09-13,549.0130004882812,93.04109954833984
2024-09-16,549.8237915039062,93.89356231689453
2024-09-17,550.0484619140625,93.43952941894531
2024-09-18,548.4171752929688,92.2812728881836
2024-09-19,557.7755126953125,91.9754867553711
2024-09-20,556.8114013671875,91.62335968017578
2024-09-23,558.2028198242188,91.42877197265625
2024-09-24,559.7999267578125,91.41026306152344
2024-09-25,558.5653076171875,90.65043640136719
2024-09-26,560.77978515625,90.8635482788086
2024-09-27,559.9664306640625,91.33612823486328
2024-09-30,562.2103881835938,90.90060424804688
2024-10-01,557.1739501953125,91.55691528320312
2024-10-02,557.4091186523438,90.78533172607422
2024-10-03,556.3900756835938,89.93010711669922
2024-10-04,561.446044921875,88.8238754272461
2024-10-07,556.3704223632812,88.1545639038086
2024-10-08,561.63232421875,88.30326843261719
2024-10-09,565.5224609375,87.80130767822266
2024-10-10,564.53271484375,87.45734405517578
2024-10-11,567.9132080078125,87.10411071777344
2024-10-14,572.557861328125,87.169189453125
2024-10-15,568.1092529296875,88.22892761230469
2024-10-16,570.5784912109375,88.60078430175781
2024-10-17,570.6275024414062,87.19705963134766
2024-10-18,572.8224487304688,87.26213836669922
2024-10-21,571.8817749023438,85.73758697509766
2024-10-22,571.5779418945312,85.82125854492188
2024-10-23,566.3552856445312,85.58882904052734
2024-10-24,567.5800170898438,86.1373062133789
2024-10-25,567.3840942382812,85.6539077758789
2024-10-28,569.13818359375,85.42151641845703
2024-10-29,570.0591430664062,85.55165100097656
2024-10-30,568.3345947265625,85.80267333984375
2024-10-31,557.1935424804688,85.94210815429688
2024-11-01,559.5452880859375,84.73043823242188
2024-11-04,558.3399047851562,86.0456314086914
2024-11-05,565.0912475585938,86.50265502929688
2024-11-06,579.142578125,84.13349151611328
2024-11-07,583.62060546875,85.18750762939453
2024-11-08,586.148681640625,86.26947784423828
2024-11-11,586.7071533203125,85.84974670410156
2024-11-12,584.8846435546875,84.56256866455078
2024-11-13,585.1688232421875,83.7603988647461
2024-11-14,581.4061279296875,84.24542236328125
2024-11-15,573.9590454101562,84.02157592773438
2024-11-18,576.310791015625,84.17079162597656
2024-11-19,578.4174194335938,84.5998764038086
2024-11-20,578.6134643554688,84.32939147949219
2024-11-21,581.7195434570312,84.26406860351562
2024-11-22,583.522705078125,84.31072235107422
2024-11-25,585.5018920898438,86.49333190917969
2024-11-26,588.5591430664062,86.15756225585938
2024-11-27,586.7757568359375,86.75450897216797
2024-11-29,590.4208984375,87.64994812011719
2024-12-02,591.4791870117188,87.86055755615234
2024-12-03,591.7535400390625,87.1023941040039
2024-12-04,595.4281005859375,88.03839111328125
2024-12-05,594.4481201171875,88.21621704101562
2024-12-06,595.5750122070312,88.34723663330078
2024-12-09,592.5079956054688,87.53294372558594
2024-12-10,590.6658935546875,87.12112426757812
2024-12-11,595.2321166992188,86.29745483398438
2024-12-12,592.1651000976562,85.24915313720703
2024-12-13,592.0475463867188,84.3786849975586
2024-12-16,594.575439453125,84.63140106201172
2024-12-17,592.1257934570312,84.83733367919922
2024-12-18,574.4783935546875,83.77649688720703
2024-12-19,574.302001953125,82.50801086425781
2024-12-20,581.199951171875,82.97781372070312
2024-12-23,584.6802978515625,82.21672058105469
2024-12-24,591.1791381835938,82.56438446044922
2024-12-26,591.2184448242188,82.51738739013672
2024-12-27,584.9950561523438,81.84086608886719
2024-12-30,578.3192138671875,82.49861907958984
2024-12-31,576.21533203125,82.0569839477539
2025-01-02,574.7994995117188,82.28250885009766
2025-01-03,581.9864501953125,82.01940155029297
2025-01-06,585.3389892578125,81.6529541015625
2025-01-07,578.7222900390625,80.73212432861328
2025-01-08,579.56787109375,80.83549499511719
2025-01-10,570.7192993164062,80.2999038696289
2025-01-13,571.6041870117188,80.2717056274414
2025-01-14,572.3907470703125,80.14016723632812
2025-01-15,582.8025512695312,81.52140808105469
2025-01-16,581.6817016601562,81.78449249267578
2025-01-17,587.5217895507812,81.92543029785156
2025-01-21,592.8995971679688,82.65834045410156
2025-01-22,596.2325439453125,82.22614288330078
2025-01-23,599.48681640625,81.5871810913086
2025-01-24,597.7367553710938,81.9536361694336
2025-01-27,589.2815551757812,82.92144775390625
2025-01-28,594.3449096679688,82.86506652832031
2025-01-29,591.680419921875,82.69593811035156
2025-01-30,594.8560791015625,83.00601196289062
2025-01-31,591.6903686523438,82.46101379394531
2025-02-03,587.7085571289062,83.13241577148438
2025-02-04,591.651123046875,83.38703155517578
2025-02-05,594.0498657226562,84.7637710571289
2025-02-06,596.1146240234375,84.7260513305664
2025-02-07,590.6580200195312,84.17911529541016
2025-02-10,594.6693115234375,83.92453002929688
2025-02-11,595.1216430664062,83.38703155517578
2025-02-12,593.204345703125,82.25545501708984
2025-02-13,599.4671630859375,83.62277221679688
2025-02-14,599.4376831054688,84.06596374511719
2025-02-18,601.1976318359375,83.07584381103516
2025-02-19,602.6133422851562,83.17955017089844
2025-02-20,600.1062622070312,83.49076080322266
2025-02-21,589.842041015625,84.4997329711914
2025-02-24,587.1578979492188,84.74490356445312
2025-02-25,584.2379150390625,86.2065200805664
2025-02-26,584.5328979492188,86.7157211303711
2025-02-27,575.2025146484375,86.10277557373047
2025-02-28,584.1790161132812,87.15892028808594
2025-03-03,573.9441528320312,87.56568145751953
2025-03-04,567.1504516601562,86.4873046875
2025-03-05,573.24609375,85.79676055908203
2025-03-06,563.0703735351562,85.51297760009766
2025-03-07,566.2262573242188,85.23865509033203
2025-03-10,551.1444091796875,86.12784576416016
2025-03-11,546.5628662109375,85.51297760009766
2025-03-12,549.4632568359375,85.0021743774414
2025-03-13,542.138671875,85.74947357177734
2025-03-14,553.3369140625,85.29541015625
2025-03-17,557.6039428710938,85.72108459472656
2025-03-18,551.5770874023438,85.80622863769531
2025-03-19,557.584228515625,86.25081634521484
2025-03-20,555.9718627929688,86.30757141113281
2025-03-21,556.1552734375,85.79676055908203
2025-03-24,566.115234375,84.91702270507812
2025-03-25,567.4760131835938,84.90758514404297
2025-03-26,560.7012939453125,84.34947967529297
2025-03-27,559.2123413085938,84.10354614257812
2025-03-28,547.9505615234375,85.26703643798828
2025-03-31,551.62890625,86.1089096069336
2025-04-01,553.1869506835938,86.8551025390625
2025-04-02,556.687744140625,86.79814147949219
2025-04-03,529.2537231445312,87.19684600830078
2025-04-04,498.26971435546875,88.14620971679688
2025-04-07,497.3822021484375,85.4880599975586
2025-04-08,489.591796875,83.87417602539062
2025-04-09,541.0084228515625,84.36782836914062
2025-04-10,517.3018798828125,82.04193115234375
2025-04-11,526.5320434570312,82.48815155029297
2025-04-14,531.6401977539062,83.07674407958984
2025-04-15,530.151123046875,83.37102508544922
2025-04-16,518.366943359375,83.8362045288086
2025-04-17,519.1064453125,83.09571075439453
2025-04-21,506.7503356933594,81.64323425292969
2025-04-22,519.9348754882812,82.09890747070312
2025-04-23,527.9915161132812,82.89635467529297
2025-04-24,539.1051635742188,83.76974487304688
2025-04-25,543.0004272460938,84.38683319091797
2025-04-28,543.2074584960938,84.91845703125
2025-04-29,546.6293334960938,85.63045501708984
2025-04-30,546.84619140625,84.93743133544922
2025-05-01,550.7216186523438,84.50675201416016
2025-05-02,558.8966674804688,83.59203338623047
2025-05-05,555.6918334960938,83.12515258789062
2025-05-06,551.0471801757812,83.40147399902344
2025-05-07,553.3645629882812,83.75401306152344
2025-05-08,557.2202758789062,82.82023620605469
2025-05-09,556.51025390625,82.9441146850586
2025-05-12,574.9015502929688,82.17230224609375
2025-05-13,578.6982421875,81.83880615234375
2025-05-14,579.437744140625,81.29570770263672
2025-05-15,582.2678833007812,82.01033020019531
2025-05-16,585.9559936523438,82.22947692871094
2025-05-19,586.596923828125,81.99129486083984
2025-05-20,584.6246948242188,81.4005126953125
2025-05-21,574.7733154296875,80.00938415527344
2025-05-22,575.000244140625,80.42863464355469
2025-05-23,571.0753784179688,80.5620346069336
2025-05-27,582.9483032226562,81.68637084960938
2025-05-28,579.5757446289062,81.33382415771484
2025-05-29,581.8635864257812,82.0865707397461
2025-05-30,581.2127075195312,82.2104263305664
2025-06-02,584.4867553710938,81.44532012939453
2025-06-03,587.8197631835938,81.30187225341797
2025-06-04,587.6619873046875,82.62166595458984
2025-06-05,584.8218383789062,82.67904663085938
2025-06-06,590.8275146484375,81.62702941894531
2025-06-09,591.3599243164062,81.71310424804688
2025-06-10,594.7127685546875,82.1339111328125
2025-06-11,593.0166015625,82.38257598876953
2025-06-12,595.3734741210938,83.3676528930664
2025-06-13,588.7171020507812,82.56429290771484
2025-06-16,594.318359375,81.73223114013672
2025-06-17,589.2398681640625,82.72687530517578
2025-06-18,589.1510009765625,82.8703384399414
2025-06-20,587.7673950195312,82.71730041503906
2025-06-23,593.5730590820312,82.98509979248047
2025-06-24,600.13037109375,83.58761596679688
2025-06-25,600.4666748046875,83.69281768798828
2025-06-26,605.1646118164062,84.1136245727539
2025-06-27,608.1712646484375,83.57804107666016
2025-06-30,611.0790405273438,84.4005355834961
2025-07-01,610.8812866210938,84.60979461669922
2025-07-02,613.650634765625,84.07223510742188
2025-07-03,618.4869995117188,83.4866714477539
2025-07-07,613.8781127929688,82.68991088867188
2025-07-08,613.5418090820312,82.58432006835938
2025-07-09,617.2210693359375,83.4482650756836
2025-07-10,618.9617919921875,83.505859375
2025-07-11,616.7858276367188,82.35393524169922
2025-07-14,617.9628295898438,82.18113708496094
2025-07-15,615.3221435546875,81.60517120361328
2025-07-16,617.3792724609375,81.7203598022461
2025-07-17,621.1573486328125,81.70116424560547
2025-07-18,620.7025146484375,81.8259506225586
2025-07-21,621.8793334960938,82.55552673339844
2025-07-22,621.9683837890625,83.05469512939453
2025-07-23,627.259765625,82.59392547607422
2025-07-24,627.4674682617188,82.44991302490234
2025-07-25,630.1181030273438,82.96830749511719
2025-07-28,629.9598388671875,82.43074035644531
2025-07-29,628.29833984375,83.82266235351562
2025-07-30,627.5070190429688,83.39067077636719
2025-07-31,625.153076171875,83.43865966796875
2025-08-01,614.9066162109375,84.6248779296875
2025-08-04,624.2530517578125,84.85614776611328
2025-08-05,621.088134765625,85.11632537841797
2025-08-06,625.8455200195312,84.6248779296875
2025-08-07,625.3212890625,84.48033142089844
2025-08-08,630.1972045898438,84.11417388916016
2025-08-11,628.9509887695312,84.21051788330078
2025-08-12,635.6468505859375,83.78654479980469
2025-08-13,637.82275390625,84.48033142089844
2025-08-14,637.882080078125,83.85398864746094
2025-08-15,636.388671875,83.25655364990234
2025-08-18,636.2501831054688,83.01564025878906
2025-08-19,632.7984008789062,83.4974594116211
2025-08-20,631.1170043945312,83.6805419921875
2025-08-21,628.5851440429688,83.26618957519531
2025-08-22,638.2380981445312,83.88289642333984
2025-08-25,635.4293212890625,83.6419906616211
2025-08-26,638.0897216796875,83.59381103515625
2025-08-27,639.543701171875,83.4974594116211
2025-08-28,641.80859375,84.04671478271484
2025-08-29,637.9810180664062,83.44927215576172
2025-09-02,633.2533569335938,82.8282699584961
2025-09-03,636.6853637695312,83.73751068115234
2025-09-04,642.0064086914062,84.37592315673828
2025-09-05,640.14697265625,85.66240692138672
2025-09-08,641.7196044921875,86.80380249023438
2025-09-09,643.2031860351562,86.31048583984375
2025-09-10,645.0625610351562,86.80380249023438
2025-09-11,650.4231567382812,87.38416290283203
2025-09-12,650.2055053710938,87.00691986083984
2025-09-15,653.6671142578125,87.2100601196289
2025-09-16,652.7671508789062,87.39384460449219
2025-09-17,651.9561157226562,87.17137145996094
2025-09-18,655.0023803710938,86.27180480957031
2025-09-19,658.2465209960938,86.10734558105469
2025-09-22,661.3607177734375,85.7978286743164
2025-09-23,657.7605590820312,86.39753723144531
2025-09-24,655.6678466796875,86.06867218017578
2025-09-25,652.6429443359375,86.06867218017578
2025-09-26,656.3818969726562,85.99128723144531
2025-09-29,658.2266845703125,86.69739532470703
2025-09-30,660.7060546875,86.44590759277344
2025-10-01,662.9574584960938,86.6691665649414
2025-10-02,663.7210693359375,86.92151641845703
2025-10-03,663.7113037109375,86.75650787353516
2025-10-06,666.0914916992188,86.06735229492188
2025-10-07,663.6220092773438,86.5623779296875
2025-10-08,667.5791625976562,86.63032531738281
2025-10-09,665.6452026367188,86.5623779296875
2025-10-10,647.6542358398438,87.96012878417969
2025-10-13,657.5919189453125,87.91158294677734
2025-10-14,656.78857421875,88.19307708740234
2025-10-15,659.7044067382812,87.99895477294922
2025-10-16,655.211669921875,88.65898132324219
2025-10-17,658.9308471679688,88.52308654785156
2025-10-20,665.7840576171875,88.86282348632812
2025-10-21,665.7741088867188,89.29960632324219
2025-10-22,662.312744140625,89.35785675048828
2025-10-23,666.2402954101562,88.746337890625
2025-10-24,671.6851806640625,88.7851791381836
2025-10-27,679.6094970703125,89.08606719970703
2025-10-28,681.41455078125,89.31901550292969
2025-10-29,681.7418212890625,88.41632843017578
2025-10-30,674.2440185546875,87.90188598632812
2025-10-31,676.4556884765625,87.63980102539062
2025-11-03,677.7251586914062,87.42061614990234
2025-11-04,669.691650390625,87.61544036865234
2025-11-05,672.012451171875,86.66078186035156
2025-11-06,664.80224609375,87.44010162353516
2025-11-07,665.4567260742188,87.2550048828125
2025-11-10,675.8406982421875,87.23554229736328
2025-11-11,677.387939453125,87.63493347167969
2025-11-12,677.7647705078125,87.79080200195312
2025-11-13,666.5180053710938,87.06993103027344
2025-11-14,666.4088134765625,86.57310485839844
2025-11-17,660.2003173828125,86.78741455078125
2025-11-18,654.65625,86.75818634033203
2025-11-19,657.185302734375,86.58283996582031
2025-11-20,647.1683349609375,86.9238052368164
2025-11-21,653.6148681640625,87.18682098388672
2025-11-24,663.2351684570312,87.68363952636719
2025-11-25,669.4735107421875,87.90770721435547
2025-11-26,674.09521484375,88.29736328125
2025-11-28,677.7747192382812,87.87846374511719
2025-12-01,674.6803588867188,86.78450775146484
2025-12-02,675.9299926757812,86.82360076904297
2025-12-03,678.2706298828125,87.06800842285156
2025-12-04,678.7665405273438,86.5987548828125
2025-12-05,680.0557861328125,86.19791412353516
2025-12-08,678.0127563476562,85.91439819335938
2025-12-09,677.4276123046875,86.00240325927734
2025-12-10,681.9203491210938,86.33477783203125
2025-12-11,683.5072021484375,86.21746826171875
2025-12-12,676.1581420898438,85.38648223876953
2025-12-15,675.1365966796875,85.44513702392578
2025-12-16,673.2918701171875,85.91439819335938
2025-12-17,665.8832397460938,85.83619689941406
2025-12-18,670.9114990234375,86.2468032836914
2025-12-19,676.9923095703125,85.92488861083984
2025-12-22,681.2098388671875,85.73841857910156
2025-12-23,684.3233032226562,85.87580871582031
2025-12-24,686.7305297851562,86.39598083496094
2025-12-26,686.660888671875,86.11136627197266
2025-12-29,684.2138671875,86.43523406982422
2025-12-30,683.3782958984375,86.22914123535156
2025-12-31,678.3152465820312,85.54212951660156
2026-01-02,679.55859375,85.41454315185547
2026-01-05,684.0845947265625,85.83656311035156
2026-01-06,688.1529541015625,85.65990447998047
2026-01-07,685.9347534179688,86.16043853759766
2026-01-08,685.8651123046875,85.72859954833984
2026-01-09,690.4010009765625,86.29783630371094
2026-01-12,691.4852294921875,86.04266357421875
2026-01-13,690.1026000976562,86.18988800048828
2026-01-14,686.7105712890625,86.6904067993164
2026-01-15,688.5806884765625,86.67078399658203
2026-01-16,688.0037231445312,86.17025756835938
2026-01-20,673.9981689453125,85.04159545898438
2026-01-21,681.77685546875,85.6893539428711
2026-01-22,685.3379516601562,86.06229400634766
2026-01-23,685.5865478515625,86.29783630371094
2026-01-26,689.068115234375,86.71004486083984
2026-01-27,691.8134765625,86.17025756835938
2026-01-28,691.7438354492188,85.97396087646484
2026-01-29,690.3711547851562,85.99358367919922
2026-01-30,688.3121337890625,85.51268005371094
2026-02-02,691.73388671875,85.26835632324219
2026-02-03,685.885009765625,85.47525787353516
2026-02-04,682.5626831054688,85.25850677490234
2026-02-05,674.0379638671875,86.1845932006836
2026-02-06,686.96923828125,86.24369812011719
2026-02-09,690.2816162109375,86.2239990234375
2026-02-10,688.4613037109375,87.21903991699219
2026-02-11,688.3021850585938,86.75598907470703
2026-02-12,677.668701171875,87.90867614746094
2026-02-13,678.1461181640625,88.39142608642578
2026-02-17,679.2402954101562,88.53919982910156
2026-02-18,682.662109375,88.20423126220703
2026-02-19,680.8616943359375,88.29289245605469
2026-02-20,685.7855834960938,88.08600616455078
2026-02-23,678.7827758789062,88.41111755371094
2026-02-24,683.7164916992188,88.56875610351562
2026-02-25,689.4859008789062,88.57860565185547
2026-02-26,685.6561889648438,88.93327331542969
2026-02-27,682.3637084960938,89.47512817382812
2026-03-02,682.7516479492188,88.57660675048828
2026-03-03,676.7337036132812,88.39868927001953
2026-03-04,681.50830078125,88.12191772460938
2026-03-05,677.7084350585938,87.76606750488281
2026-03-06,668.8256225585938,87.43987274169922
2026-03-09,674.6845092773438,88.20100402832031
2026-03-10,673.6002807617188,87.2619400024414
2026-03-11,672.7548217773438,86.13510131835938
2026-03-12,662.5390625,85.96705627441406
2026-03-13,658.7890014648438,85.5420150756836
2026-03-16,665.493408203125,86.20428466796875
2026-03-17,667.2440185546875,86.44152069091797
2026-03-18,657.9335327148438,85.95716857910156
2026-03-19,656.3121337890625,86.4810562133789
2026-03-20,646.9034423828125,84.84020233154297
2026-03-23,653.6959228515625,85.39373779296875
2026-03-24,651.5015869140625,85.01812744140625
2026-03-25,655.1322021484375,85.83855438232422
2026-03-26,643.432373046875,85.11697387695312
2026-03-27,632.4606323242188,84.65238952636719
2026-03-30,630.3460693359375,85.77925109863281
2026-03-31,648.6688842773438,85.6902847290039
